Name,Fecha,Lote,Formula,FechaNacimiento,GramosAlimentoPruebas,Litros de agua,FechaCambioBebedero,Tazas de alimento,FechaCreacionDeRegistro,Edad,Tazas de hidrogel
GMX00123-01-2023-01-31T17:48:00.000Z,31/1/2023 11:48am,GMX00123-01,,1/1/2023,,3,,,1/2/2023 11:48am,30,
"GMX00123-01, GMX00223-01-2023-01-30T14:20:00.000Z",30/1/2023 8:20am,"GMX00123-01,GMX00223-01",DDG 2,"1/1/2023, 2/1/2023",,,,2,30/1/2023 8:20am,NaN,
"GMX00123-01, GMX00223-01, GMX00323-01, GMX36122-01-02, GMX36422-01, GMX36522-01, GMX36322-01-2023-01-26T14:36:00.000Z",26/1/2023 8:36am,"GMX00123-01,GMX00223-01,GMX00323-01,GMX36122-01-02,GMX36422-01,GMX36522-01,GMX36322-01",DDG 2,"1/1/2023, 2/1/2023, 3/1/2023, 27/12/2022, 30/12/2022, 31/12/2022, 29/12/2022",,,,2,26/1/2023 8:36am,NaN,
"GMX00123-01, GMX00223-01, GMX00323-01, GMX36322-01, GMX36422-01, GMX36522-01-2023-02-10T14:16:00.000Z",10/2/2023 8:16am,"GMX00123-01,GMX00223-01,GMX00323-01,GMX36322-01,GMX36422-01,GMX36522-01",DDG 2,"1/1/2023, 2/1/2023, 3/1/2023, 29/12/2022, 30/12/2022, 31/12/2022",,,,2,10/2/2023 8:16am,NaN,
"GMX00123-01, GMX00223-01, GMX36222-01, GMX35822-01.1, GMX00423-01, GMX35822-01.2, GMX36422-02, GMX00323-02, GMX00223-02, GMX36322-03, GMX36322-04, GMX36322-02-2023-01-24T14:12:00.000Z",24/1/2023 8:12am,"GMX00123-01,GMX00223-01,GMX36222-01,GMX35822-01.1,GMX00423-01,GMX35822-01.2,GMX36422-02,GMX00323-02,GMX00223-02,GMX36322-03,GMX36322-04,GMX36322-02",DDG 2,"1/1/2023, 2/1/2023, 28/12/2022, 24/12/2022, 4/1/2023, 24/12/2022, 30/12/2022, 3/1/2023, 2/1/2023, 29/12/2022, 29/12/2022, 29/12/2022",,,,1,24/1/2023 8:13am,NaN,
"GMX00123-01, PB35622-01, GMX36222-01, GMX36322-04, PB36222-01-2023-01-26T14:57:00.000Z",26/1/2023 8:57am,"GMX00123-01,PB35622-01,GMX36222-01,GMX36322-04,PB36222-01",,"1/1/2023, 22/12/2022, 28/12/2022, 29/12/2022, 28/12/2022",,2,,,26/1/2023 8:58am,NaN,
"GMX00223-01, GMX00123-01-2023-01-17T22:31:00.000Z",17/1/2023 4:31pm,"GMX00223-01,GMX00123-01",DDG 2,"2/1/2023, 1/1/2023",,,,1,17/1/2023 4:31pm,NaN,
"GMX00223-01, GMX00123-01-2023-01-20T14:34:00.000Z",20/1/2023 8:34am,"GMX00223-01,GMX00123-01",DDG 2,"2/1/2023, 1/1/2023",,,,2,20/1/2023 8:34am,NaN,
"GMX00223-01, GMX00123-01-2023-01-23T14:57:00.000Z",23/1/2023 8:57am,"GMX00223-01,GMX00123-01",DDG 2,"2/1/2023, 1/1/2023",,,,2,23/1/2023 8:57am,NaN,
"GMX00223-01, GMX00123-01-2023-01-25T14:17:00.000Z",25/1/2023 8:17am,"GMX00223-01,GMX00123-01",DDG 2,"2/1/2023, 1/1/2023",,,,2,25/1/2023 8:17am,NaN,
"GMX00223-01, GMX00123-01-2023-01-27T14:45:00.000Z",27/1/2023 8:45am,"GMX00223-01,GMX00123-01",DDG 2,"2/1/2023, 1/1/2023",,,,2,27/1/2023 8:45am,NaN,
"GMX00223-01, GMX00123-01-2023-02-09T13:57:00.000Z",9/2/2023 7:57am,"GMX00223-01,GMX00123-01",DDG 2,"2/1/2023, 1/1/2023",,,,1,9/2/2023 7:58am,NaN,
"GMX00223-01, GMX00123-01, GMX00323-01, GMX36422-01, GMX36522-01, GMX36322-01-2023-02-03T14:31:00.000Z",3/2/2023 8:31am,"GMX00223-01,GMX00123-01,GMX00323-01,GMX36422-01,GMX36522-01,GMX36322-01",DDG 2,"2/1/2023, 1/1/2023, 3/1/2023, 30/12/2022, 31/12/2022, 29/12/2022",,,,2,3/2/2023 8:31am,NaN,
"GMX00223-01, GMX00123-01, GMX36322-01, GMX36522-01, GMX36422-01-2023-02-07T14:31:00.000Z",7/2/2023 8:31am,"GMX00223-01,GMX00123-01,GMX36322-01,GMX36522-01,GMX36422-01",DDG 2,"2/1/2023, 1/1/2023, 29/12/2022, 31/12/2022, 30/12/2022",,,,2,7/2/2023 8:31am,NaN,
"GMX00223-01, GMX00123-01, GMX36322-01, GMX36522-01, GMX36422-01, GMX00323-01-2023-02-01T22:19:00.000Z",1/2/2023 4:19pm,"GMX00223-01,GMX00123-01,GMX36322-01,GMX36522-01,GMX36422-01,GMX00323-01",DDG 2,"2/1/2023, 1/1/2023, 29/12/2022, 31/12/2022, 30/12/2022, 3/1/2023",,,,2,1/2/2023 4:19pm,NaN,
"GMX00223-01, GMX00123-01, GMX36422-01, GMX00323-01, GMX36522-01, GMX36322-01-2023-02-02T14:37:00.000Z",2/2/2023 8:37am,"GMX00223-01,GMX00123-01,GMX36422-01,GMX00323-01,GMX36522-01,GMX36322-01",DDG 2,"2/1/2023, 1/1/2023, 30/12/2022, 3/1/2023, 31/12/2022, 29/12/2022",,,,2,2/2/2023 8:39am,NaN,
"GMX00223-01, GMX00223-02-2023-02-08T14:43:00.000Z",8/2/2023 8:43am,"GMX00223-01,GMX00223-02",DDG 2,"2/1/2023, 2/1/2023",,,,2,8/2/2023 8:43am,NaN,
GMX00323-01-2023-02-13T14:28:00.000Z,13/2/2023 8:28am,GMX00323-01,DDG 2,3/1/2023,,,,2,13/2/2023 8:28am,41,
GMX00323-01-2023-02-14T14:44:00.000Z,14/2/2023 8:44am,GMX00323-01,DDG 2,3/1/2023,,,,1,14/2/2023 8:44am,42,
"GMX00323-01, GMX36122-01-02, GMX36422-01, GMX36522-01, GMX36322-01-2023-01-24T14:40:00.000Z",24/1/2023 8:40am,"GMX00323-01,GMX36122-01-02,GMX36422-01,GMX36522-01,GMX36322-01",DDG 2,"3/1/2023, 27/12/2022, 30/12/2022, 31/12/2022, 29/12/2022",,,,2,24/1/2023 8:41am,NaN,
"GMX00323-01, GMX36122-01-02, GMX36422-01, GMX36522-01, GMX36322-01-2023-01-25T14:23:00.000Z",25/1/2023 8:23am,"GMX00323-01,GMX36122-01-02,GMX36422-01,GMX36522-01,GMX36322-01",DDG 2,"3/1/2023, 27/12/2022, 30/12/2022, 31/12/2022, 29/12/2022",,,,2,25/1/2023 8:23am,NaN,
"GMX00323-01, GMX36122-01-02, GMX36422-01, GMX36522-01, GMX36322-01-2023-01-30T14:34:00.000Z",30/1/2023 8:34am,"GMX00323-01,GMX36122-01-02,GMX36422-01,GMX36522-01,GMX36322-01",DDG 2,"3/1/2023, 27/12/2022, 30/12/2022, 31/12/2022, 29/12/2022",,,,2,30/1/2023 8:35am,NaN,
"GMX00323-01, GMX36122-02, GMX36422-01, GMX36522-01, GMX36322-01-2023-01-17T22:33:00.000Z",17/1/2023 4:33pm,"GMX00323-01,GMX36122-02,GMX36422-01,GMX36522-01,GMX36322-01",DDG 2,"3/1/2023, 27/12/2022, 30/12/2022, 31/12/2022, 29/12/2022",,,,2,17/1/2023 4:33pm,NaN,
"GMX00323-01, GMX36422-01, GMX36522-01, GMX36322-01-2023-02-08T14:47:00.000Z",8/2/2023 8:47am,"GMX00323-01,GMX36422-01,GMX36522-01,GMX36322-01",DDG 2,"3/1/2023, 30/12/2022, 31/12/2022, 29/12/2022",,,,2,8/2/2023 8:47am,NaN,
GMX35822-01-2023-01-09T06:00:00.000Z,9/1/2023 12:00am,GMX35822-01,DDG 2,24/12/2022,,,,1,9/1/2023 9:07am,16,
GMX36022-01-2023-01-09T06:00:00.000Z,9/1/2023 12:00am,GMX36022-01,DDG 2,26/12/2022,,,,1,9/1/2023 9:08am,14,
"GMX36022-01, GMX35822-01.1, GMX36222-01, GMX00423-01, GMX35822-01.2, GMX36422-02, GMX00223-02, GMX36322-02, GMX00323-02, GMX36322-04, GMX00923-01, GMX36322-03-2023-01-26T14:27:00.000Z",26/1/2023 8:27am,"GMX36022-01,GMX35822-01.1,GMX36222-01,GMX00423-01,GMX35822-01.2,GMX36422-02,GMX00223-02,GMX36322-02,GMX00323-02,GMX36322-04,GMX00923-01,GMX36322-03",DDG 2,"26/12/2022, 24/12/2022, 28/12/2022, 4/1/2023, 24/12/2022, 30/12/2022, 2/1/2023, 29/12/2022, 3/1/2023, 29/12/2022, 9/1/2023, 29/12/2022",,,,1,26/1/2023 8:27am,NaN,
"GMX36022-01, GMX35822-01.1, GMX36222-01, GMX00423-01, GMX35822-01.2, GMX36422-02, GMX00223-02, GMX36322-02, GMX00323-02, GMX36322-04, GMX36322-03-2023-01-17T14:26:00.000Z",17/1/2023 8:26am,"GMX36022-01,GMX35822-01.1,GMX36222-01,GMX00423-01,GMX35822-01.2,GMX36422-02,GMX00223-02,GMX36322-02,GMX00323-02,GMX36322-04,GMX36322-03",DDG 2,"26/12/2022, 24/12/2022, 28/12/2022, 4/1/2023, 24/12/2022, 30/12/2022, 2/1/2023, 29/12/2022, 3/1/2023, 29/12/2022, 29/12/2022",,,,1,17/1/2023 8:26am,NaN,
"GMX36022-01, GMX35822-01.2, GMX35822-01.1-2023-01-11T14:48:00.000Z",11/1/2023 8:48am,"GMX36022-01,GMX35822-01.2,GMX35822-01.1",DDG 2,"26/12/2022, 24/12/2022, 24/12/2022",,,,1,11/1/2023 8:49am,NaN,
"GMX36122-01-02, GMX00323-01, GMX36422-01, GMX36522-01, GMX36322-01-2023-01-27T14:48:00.000Z",27/1/2023 8:48am,"GMX36122-01-02,GMX00323-01,GMX36422-01,GMX36522-01,GMX36322-01",DDG 2,"27/12/2022, 3/1/2023, 30/12/2022, 31/12/2022, 29/12/2022",,,,2,27/1/2023 8:48am,NaN,
"GMX36122-02, GMX00323-01, GMX36422-01, GMX36522-01, GMX36322-01, GMX36222-01, GMX35822-01.1, GMX36022-01, GMX36422-02, GMX35822-01.2, GMX00423-01, GMX36322-03, GMX00323-02, GMX36322-04, GMX00223-02, GMX36322-02-2023-01-20T14:26:00.000Z",20/1/2023 8:26am,"GMX36122-02,GMX00323-01,GMX36422-01,GMX36522-01,GMX36322-01,GMX36222-01,GMX35822-01.1,GMX36022-01,GMX36422-02,GMX35822-01.2,GMX00423-01,GMX36322-03,GMX00323-02,GMX36322-04,GMX00223-02,GMX36322-02",DDG 2,"27/12/2022, 3/1/2023, 30/12/2022, 31/12/2022, 29/12/2022, 28/12/2022, 24/12/2022, 26/12/2022, 30/12/2022, 24/12/2022, 4/1/2023, 29/12/2022, 3/1/2023, 29/12/2022, 2/1/2023, 29/12/2022",,,,2,20/1/2023 8:26am,NaN,
"GMX36222-01, GMX35822-01.1, GMX36022-01, GMX00223-02, GMX36322-02, GMX00323-02, GMX36322-04, GMX36322-03, GMX00923-01, GMX00423-01, GMX35822-01.2, GMX36422-02-2023-01-25T14:12:00.000Z",25/1/2023 8:12am,"GMX36222-01,GMX35822-01.1,GMX36022-01,GMX00223-02,GMX36322-02,GMX00323-02,GMX36322-04,GMX36322-03,GMX00923-01,GMX00423-01,GMX35822-01.2,GMX36422-02",,"28/12/2022, 24/12/2022, 26/12/2022, 2/1/2023, 29/12/2022, 3/1/2023, 29/12/2022, 29/12/2022, 9/1/2023, 4/1/2023, 24/12/2022, 30/12/2022",,,,1,25/1/2023 8:13am,NaN,
"GMX36222-01, GMX35822-01.1, GMX36022-01, GMX35822-01.2, GMX36422-02, GMX36322-03, GMX36322-04, GMX36322-02-2023-01-16T15:41:00.000Z",16/1/2023 9:41am,"GMX36222-01,GMX35822-01.1,GMX36022-01,GMX35822-01.2,GMX36422-02,GMX36322-03,GMX36322-04,GMX36322-02",DDG 2,"28/12/2022, 24/12/2022, 26/12/2022, 24/12/2022, 30/12/2022, 29/12/2022, 29/12/2022, 29/12/2022",,,,1,16/1/2023 9:42am,NaN,
"GMX36222-01, GMX35822-01.1, GMX36022-01, GMX36422-02, GMX35822-01.2-2023-01-12T14:59:00.000Z",12/1/2023 8:59am,"GMX36222-01,GMX35822-01.1,GMX36022-01,GMX36422-02,GMX35822-01.2",DDG 2,"28/12/2022, 24/12/2022, 26/12/2022, 30/12/2022, 24/12/2022",,,,1,12/1/2023 8:59am,NaN,
"GMX36222-01, GMX35822-01.1, GMX36022-01, GMX36422-02, GMX35822-01.2, GMX00423-01, GMX00323-02, GMX00223-02, GMX36322-02, GMX36322-04, GMX36322-03, GMX36122-02, GMX00323-01, GMX36422-01, GMX36522-01-2023-01-18T14:20:00.000Z",18/1/2023 8:20am,"GMX36222-01,GMX35822-01.1,GMX36022-01,GMX36422-02,GMX35822-01.2,GMX00423-01,GMX00323-02,GMX00223-02,GMX36322-02,GMX36322-04,GMX36322-03,GMX36122-02,GMX00323-01,GMX36422-01,GMX36522-01",DDG 2,"28/12/2022, 24/12/2022, 26/12/2022, 30/12/2022, 24/12/2022, 4/1/2023, 3/1/2023, 2/1/2023, 29/12/2022, 29/12/2022, 29/12/2022, 27/12/2022, 3/1/2023, 30/12/2022, 31/12/2022",,,,2,18/1/2023 8:20am,NaN,
"GMX36222-01, GMX35822-01.1, GMX36022-01, GMX36422-02, GMX35822-01.2, GMX00423-01, GMX00923-01, GMX36322-03, GMX00323-02, GMX36322-04, GMX00223-02, GMX36322-02-2023-01-27T14:41:00.000Z",27/1/2023 8:41am,"GMX36222-01,GMX35822-01.1,GMX36022-01,GMX36422-02,GMX35822-01.2,GMX00423-01,GMX00923-01,GMX36322-03,GMX00323-02,GMX36322-04,GMX00223-02,GMX36322-02",DDG 2,"28/12/2022, 24/12/2022, 26/12/2022, 30/12/2022, 24/12/2022, 4/1/2023, 9/1/2023, 29/12/2022, 3/1/2023, 29/12/2022, 2/1/2023, 29/12/2022",,,,1,27/1/2023 8:41am,NaN,
"GMX36222-01, GMX35822-01.1, GMX36022-01, GMX36422-02, GMX35822-01.2, GMX00423-01, GMX36322-03, GMX00323-02, GMX00223-02, GMX36322-04, GMX36322-02, GMX00923-01-2023-01-23T14:32:00.000Z",23/1/2023 8:32am,"GMX36222-01,GMX35822-01.1,GMX36022-01,GMX36422-02,GMX35822-01.2,GMX00423-01,GMX36322-03,GMX00323-02,GMX00223-02,GMX36322-04,GMX36322-02,GMX00923-01",DDG 2,"28/12/2022, 24/12/2022, 26/12/2022, 30/12/2022, 24/12/2022, 4/1/2023, 29/12/2022, 3/1/2023, 2/1/2023, 29/12/2022, 29/12/2022, 9/1/2023",,,,1,23/1/2023 8:32am,NaN,
GMX36322-01-2023-02-13T14:35:00.000Z,13/2/2023 8:35am,GMX36322-01,,29/12/2022,,3,,,13/2/2023 8:35am,46,
"GMX36322-01, GMX36522-01, GMX36422-01, GMX36122-01-02, GMX00323-01, PB00623-01-2023-01-30T14:36:00.000Z",30/1/2023 8:36am,"GMX36322-01,GMX36522-01,GMX36422-01,GMX36122-01-02,GMX00323-01,PB00623-01",,"29/12/2022, 31/12/2022, 30/12/2022, 27/12/2022, 3/1/2023, 6/1/2023",,3,,,30/1/2023 8:36am,NaN,
"GMX36322-01, GMX36522-01, GMX36422-01, GMX36122-02, GMX00323-01-2023-01-23T14:56:00.000Z",23/1/2023 8:56am,"GMX36322-01,GMX36522-01,GMX36422-01,GMX36122-02,GMX00323-01",DDG 2,"29/12/2022, 31/12/2022, 30/12/2022, 27/12/2022, 3/1/2023",,,,2,23/1/2023 8:56am,NaN,
"GMX36322-02, GMX36322-04, GMX36322-03-2023-01-12T15:00:00.000Z",12/1/2023 9:00am,"GMX36322-02,GMX36322-04,GMX36322-03",DDG 2,"29/12/2022, 29/12/2022, 29/12/2022",,,,1,12/1/2023 9:00am,NaN,
"GMX36422-01, GMX36522-01, GMX36322-01, GMX36122-02, GMX00323-01-2023-01-16T15:56:00.000Z",16/1/2023 9:56am,"GMX36422-01,GMX36522-01,GMX36322-01,GMX36122-02,GMX00323-01",DDG 2,"30/12/2022, 31/12/2022, 29/12/2022, 27/12/2022, 3/1/2023",,,,2,16/1/2023 9:56am,NaN,
"GMX36422-01, PB02523-03-2023-02-09T21:34:00.000Z",9/2/2023 3:34pm,"GMX36422-01,PB02523-03",,"30/12/2022, 25/1/2023",,3,,,9/2/2023 3:34pm,NaN,
GMX36422-02-2023-01-30T14:13:00.000Z,30/1/2023 8:13am,GMX36422-02,DDG 2,30/12/2022,,,,1,30/1/2023 8:13am,31,
"GMX36522-01, GMX00323-01, PB01823-06-2023-02-08T14:48:00.000Z",8/2/2023 8:48am,"GMX36522-01,GMX00323-01,PB01823-06",,"31/12/2022, 3/1/2023, 18/1/2023",,3,,,8/2/2023 8:49am,NaN,
"IN34822-01, IN35022-01.1, IN35022-01.2-2023-01-11T14:45:00.000Z",11/1/2023 8:45am,"IN34822-01,IN35022-01.1,IN35022-01.2",DDG 2,"14/12/2022, 16/12/2022, 16/12/2022",,,,1,11/1/2023 8:45am,NaN,
IN34822-01.1-2023-01-24T14:28:00.000Z,24/1/2023 8:28am,IN34822-01.1,DDG 2,14/12/2022,,,,1,24/1/2023 8:28am,41,
"IN34822-01.1, IN34822-01.2-2023-01-23T14:40:00.000Z",23/1/2023 8:40am,"IN34822-01.1,IN34822-01.2",DDG 2,"14/12/2022, 14/12/2022",,,,1,23/1/2023 8:40am,NaN,
IN34822-01.2-2023-01-09T06:00:00.000Z,9/1/2023 12:00am,IN34822-01.2,DDG 2,14/12/2022,,,,1,9/1/2023 9:09am,26,
IN34822-01.2-2023-01-17T14:53:00.000Z,17/1/2023 8:53am,IN34822-01.2,,14/12/2022,,2,,,17/1/2023 8:54am,34,
"IN34822-01.2, IN35022-02-2023-01-24T14:13:00.000Z",24/1/2023 8:13am,"IN34822-01.2,IN35022-02",DDG 2,"14/12/2022, 16/12/2022",,,,1,24/1/2023 8:14am,NaN,
IN34922-01-2023-01-11T17:30:00.000Z,11/1/2023 11:30am,IN34922-01,,15/12/2022,,3,11/1/2023,2,11/1/2023 11:30am,27,
IN34922-01-2023-01-12T15:11:00.000Z,12/1/2023 9:11am,IN34922-01,DDG 2,15/12/2022,,,,2,12/1/2023 9:12am,28,
IN34922-01-2023-01-24T14:42:00.000Z,24/1/2023 8:42am,IN34922-01,DDG 2,15/12/2022,,,,2,24/1/2023 8:42am,40,
IN34922-01-2023-01-25T14:17:00.000Z,25/1/2023 8:17am,IN34922-01,DDG 2,15/12/2022,,,,2,25/1/2023 8:17am,41,
IN34922-01-2023-01-26T14:34:00.000Z,26/1/2023 8:34am,IN34922-01,DDG 2,15/12/2022,,,,2,26/1/2023 8:34am,42,
IN34922-01-2023-01-27T14:45:00.000Z,27/1/2023 8:45am,IN34922-01,DDG 2,15/12/2022,,,,2,27/1/2023 8:46am,43,
IN34922-01-2023-01-30T14:19:00.000Z,30/1/2023 8:19am,IN34922-01,DDG 2,15/12/2022,,,,2,30/1/2023 8:19am,46,
IN34922-01-2023-01-31T17:48:00.000Z,31/1/2023 11:48am,IN34922-01,,15/12/2022,,3,,,1/2/2023 11:48am,47,
"IN34922-01, IN35022-01.2, IN35022-01.1, IN34822-01.2, IN34822-01.1-2023-01-18T14:23:00.000Z",18/1/2023 8:23am,"IN34922-01,IN35022-01.2,IN35022-01.1,IN34822-01.2,IN34822-01.1",DDG 2,"15/12/2022, 16/12/2022, 16/12/2022, 14/12/2022, 14/12/2022",,,,1,18/1/2023 8:23am,NaN,
IN35022-01.1-2023-01-09T06:00:00.000Z,9/1/2023 12:00am,IN35022-01.1,DDG 2,16/12/2022,,,,1,9/1/2023 9:05am,24,
"IN35022-01.1, IN34822-01.1-2023-01-13T14:49:00.000Z",13/1/2023 8:49am,"IN35022-01.1,IN34822-01.1",DDG 2,"16/12/2022, 14/12/2022",,,,1,13/1/2023 8:49am,NaN,
IN35022-01.2-2023-01-09T06:00:00.000Z,9/1/2023 12:00am,IN35022-01.2,DDG 2,16/12/2022,,,,,9/1/2023 9:01am,24,
"IN35022-01.2, IN35022-01.1-2023-01-23T14:33:00.000Z",23/1/2023 8:33am,"IN35022-01.2,IN35022-01.1",DDG 2,"16/12/2022, 16/12/2022",,,,1,23/1/2023 8:33am,NaN,
"IN35022-01.2, IN35022-01.1, IN34822-01.2, IN34822-01.1-2023-01-16T15:45:00.000Z",16/1/2023 9:45am,"IN35022-01.2,IN35022-01.1,IN34822-01.2,IN34822-01.1",DDG 2,"16/12/2022, 16/12/2022, 14/12/2022, 14/12/2022",,,,1,16/1/2023 9:45am,NaN,
"IN35022-01.2, IN35022-01.1, IN34822-01.2, IN34822-01.1-2023-01-17T14:23:00.000Z",17/1/2023 8:23am,"IN35022-01.2,IN35022-01.1,IN34822-01.2,IN34822-01.1",DDG 2,"16/12/2022, 16/12/2022, 14/12/2022, 14/12/2022",,,,1,17/1/2023 8:23am,NaN,
"IN35022-01.2, IN35022-01.1, IN34822-01.2, IN34822-01.1-2023-01-20T14:27:00.000Z",20/1/2023 8:27am,"IN35022-01.2,IN35022-01.1,IN34822-01.2,IN34822-01.1",DDG 2,"16/12/2022, 16/12/2022, 14/12/2022, 14/12/2022",,,,1,20/1/2023 8:28am,NaN,
"IN35022-01.2, IN35022-02, IN35022-01.1, IN34822-01.1-2023-01-12T15:02:00.000Z",12/1/2023 9:02am,"IN35022-01.2,IN35022-02,IN35022-01.1,IN34822-01.1",DDG 2,"16/12/2022, 16/12/2022, 16/12/2022, 14/12/2022",,,,1,12/1/2023 9:03am,NaN,
IN35022-02-2023-01-09T06:00:00.000Z,9/1/2023 12:00am,IN35022-02,DDG 2,16/12/2022,,,,1,9/1/2023 9:04am,24,
IN35022-02-2023-01-16T15:42:00.000Z,16/1/2023 9:42am,IN35022-02,DDG 1,16/12/2022,,,,1,16/1/2023 9:42am,31,
IN35022-02-2023-01-25T14:13:00.000Z,25/1/2023 8:13am,IN35022-02,DDG 2,16/12/2022,,2,,1,25/1/2023 8:13am,40,
IN35322-02-2023-01-09T06:00:00.000Z,9/1/2023 12:00am,IN35322-02,ALFA50,19/12/2022,,,,1,9/1/2023 9:10am,21,
IN35322-02-2023-01-11T14:46:00.000Z,11/1/2023 8:46am,IN35322-02,ALFA50,19/12/2022,,,,1,11/1/2023 8:46am,23,
IN35322-02-2023-01-12T15:00:00.000Z,12/1/2023 9:00am,IN35322-02,ALFA50,19/12/2022,,,,1,12/1/2023 9:01am,24,
IN35322-02-2023-01-13T14:47:00.000Z,13/1/2023 8:47am,IN35322-02,ALFA50,19/12/2022,,,,1,13/1/2023 8:48am,25,
IN35322-02-2023-01-16T15:43:00.000Z,16/1/2023 9:43am,IN35322-02,ALFA50,19/12/2022,,,,1,16/1/2023 9:43am,28,
IN35322-02-2023-01-17T14:22:00.000Z,17/1/2023 8:22am,IN35322-02,ALFA50,19/12/2022,,,,1,17/1/2023 8:22am,29,
IN35322-02-2023-01-18T14:23:00.000Z,18/1/2023 8:23am,IN35322-02,ALFA50,19/12/2022,,,,1,18/1/2023 8:24am,30,
IN35322-02-2023-01-20T14:26:00.000Z,20/1/2023 8:26am,IN35322-02,ALFA50,19/12/2022,,,,1,20/1/2023 8:27am,32,
IN35322-02-2023-01-23T14:33:00.000Z,23/1/2023 8:33am,IN35322-02,ALFA50,19/12/2022,,,,1,23/1/2023 8:33am,35,
PB00623-01-2023-01-24T14:41:00.000Z,24/1/2023 8:41am,PB00623-01,DDG 2,6/1/2023,,,,2,24/1/2023 8:42am,18,
PB00623-01-2023-01-31T17:49:00.000Z,31/1/2023 11:49am,PB00623-01,,6/1/2023,,3,,,1/2/2023 11:49am,25,
PB00623-01-2023-01-31T17:49:00.000Z,31/1/2023 11:49am,PB00623-01,,6/1/2023,,3,,,1/2/2023 11:49am,25,
PB00623-01-2023-02-08T17:34:00.000Z,8/2/2023 11:34am,PB00623-01,,6/1/2023,,3,,,8/2/2023 11:34am,33,
PB00623-01-2023-02-08T17:34:00.000Z,8/2/2023 11:34am,PB00623-01,,6/1/2023,,3,,,8/2/2023 11:34am,33,
PB00623-01-2023-02-08T17:34:00.000Z,8/2/2023 11:34am,PB00623-01,,6/1/2023,,3,,,8/2/2023 11:34am,33,
"PB00623-01, PB00623-02-2023-01-18T14:21:00.000Z",18/1/2023 8:21am,"PB00623-01,PB00623-02",DDG 2,"6/1/2023, 6/1/2023",,,,3,18/1/2023 8:21am,NaN,
"PB00623-01, PB00623-02-2023-01-20T14:21:00.000Z",20/1/2023 8:21am,"PB00623-01,PB00623-02",DDG 2,"6/1/2023, 6/1/2023",,,,3,20/1/2023 8:21am,NaN,
"PB00623-01, PB00623-02-2023-01-27T14:46:00.000Z",27/1/2023 8:46am,"PB00623-01,PB00623-02",DDG 2,"6/1/2023, 6/1/2023",,,,3,27/1/2023 8:47am,NaN,
"PB00623-01, PB00623-02-2023-01-30T14:37:00.000Z",30/1/2023 8:37am,"PB00623-01,PB00623-02",DDG 2,"6/1/2023, 6/1/2023",,,,3,30/1/2023 8:37am,NaN,
"PB00623-01, PB00623-02-2023-02-01T22:20:00.000Z",1/2/2023 4:20pm,"PB00623-01,PB00623-02",DDG 2,"6/1/2023, 6/1/2023",,,,3,1/2/2023 4:20pm,NaN,
"PB00623-01, PB00623-02, PB01823-05, PB01823-06, PB02523-04, PB02523-03-2023-02-10T14:14:00.000Z",10/2/2023 8:14am,"PB00623-01,PB00623-02,PB01823-05,PB01823-06,PB02523-04,PB02523-03",DDG 2,"6/1/2023, 6/1/2023, 18/1/2023, 18/1/2023, 25/1/2023, 25/1/2023",,,,6,10/2/2023 8:14am,NaN,
PB00623-02-2023-01-31T17:50:00.000Z,31/1/2023 11:50am,PB00623-02,,6/1/2023,,,,6,1/2/2023 11:50am,25,
PB00623-02-2023-02-09T21:31:00.000Z,9/2/2023 3:31pm,PB00623-02,DDG 2,6/1/2023,,,,6,9/2/2023 3:32pm,34,
PB00623-02-2023-02-09T21:32:00.000Z,9/2/2023 3:32pm,PB00623-02,,6/1/2023,,,,,9/2/2023 3:32pm,34,6
"PB00623-02, PB00623-01-2023-01-17T22:34:00.000Z",17/1/2023 4:34pm,"PB00623-02,PB00623-01",DDG 2,"6/1/2023, 6/1/2023",,,,3,17/1/2023 4:35pm,NaN,
"PB00623-02, PB00623-01-2023-01-23T14:54:00.000Z",23/1/2023 8:54am,"PB00623-02,PB00623-01",DDG 2,"6/1/2023, 6/1/2023",,,,3,23/1/2023 8:55am,NaN,
"PB00623-02, PB00623-01-2023-01-25T14:24:00.000Z",25/1/2023 8:24am,"PB00623-02,PB00623-01",DDG 2,"6/1/2023, 6/1/2023",,,,3,25/1/2023 8:24am,NaN,
"PB00623-02, PB00623-01-2023-01-26T14:37:00.000Z",26/1/2023 8:37am,"PB00623-02,PB00623-01",DDG 2,"6/1/2023, 6/1/2023",,,,3,26/1/2023 8:37am,NaN,
"PB00623-02, PB00623-01, PB01823-05, PB01823-06-2023-02-08T14:45:00.000Z",8/2/2023 8:45am,"PB00623-02,PB00623-01,PB01823-05,PB01823-06",DDG 2,"6/1/2023, 6/1/2023, 18/1/2023, 18/1/2023",,,,6,8/2/2023 8:45am,NaN,
PB01023-02-2023-02-13T14:14:00.000Z,13/2/2023 8:14am,PB01023-02,DDG 2,10/1/2023,,,,1,13/2/2023 8:14am,34,1
PB01323-01-2023-02-10T14:26:00.000Z,10/2/2023 8:26am,PB01323-01,,13/1/2023,,2,,,10/2/2023 8:26am,28,
"PB01323-01, PB01823-01-2023-02-03T14:28:00.000Z",3/2/2023 8:28am,"PB01323-01,PB01823-01",DDG 2,"13/1/2023, 18/1/2023",,,,1,3/2/2023 8:28am,NaN,
PB01323-02-2023-02-07T14:27:00.000Z,7/2/2023 8:27am,PB01323-02,TAI 2 (FM),13/1/2023,,,,1,7/2/2023 8:29am,25,
"PB01323-02, PB01823-02-2023-02-16T14:25:00.000Z",16/2/2023 8:25am,"PB01323-02,PB01823-02",TAI 2 (FM),"13/1/2023, 18/1/2023",,,,1,16/2/2023 8:26am,NaN,
PB01323-03-2023-02-08T14:42:00.000Z,8/2/2023 8:42am,PB01323-03,TAI 2 (FM),13/1/2023,,,,1,8/2/2023 8:42am,26,
PB01723-01-2023-02-07T16:09:00.000Z,7/2/2023 10:09am,PB01723-01,DDG 2,17/1/2023,,3,,1,9/2/2023 10:09am,21,
PB01723-02-2023-02-07T16:07:00.000Z,7/2/2023 10:07am,PB01723-02,TAI 2 (FM),17/1/2023,,3,,1,9/2/2023 10:07am,21,
"PB01723-04, PB01323-04, PB01823-04-2023-02-10T14:26:00.000Z",10/2/2023 8:26am,"PB01723-04,PB01323-04,PB01823-04",,"17/1/2023, 13/1/2023, 18/1/2023",,,,,10/2/2023 8:26am,NaN,1
"PB01723-04, PB01723-03-2023-02-07T16:09:00.000Z",7/2/2023 10:09am,"PB01723-04,PB01723-03",TAI 2 (LH),"17/1/2023, 17/1/2023",,3,,1,9/2/2023 10:09am,NaN,
PB01823-01-2023-02-13T14:19:00.000Z,13/2/2023 8:19am,PB01823-01,,18/1/2023,,2,,,13/2/2023 8:19am,26,
"PB01823-01, PB01323-01-2023-02-01T22:24:00.000Z",1/2/2023 4:24pm,"PB01823-01,PB01323-01",DDG 2,"18/1/2023, 13/1/2023",,,,1,1/2/2023 4:25pm,NaN,
"PB01823-01, PB01323-01-2023-02-02T14:36:00.000Z",2/2/2023 8:36am,"PB01823-01,PB01323-01",DDG 2,"18/1/2023, 13/1/2023",,,,1,2/2/2023 8:37am,NaN,
"PB01823-01, PB01323-01-2023-02-07T14:27:00.000Z",7/2/2023 8:27am,"PB01823-01,PB01323-01",DDG 2,"18/1/2023, 13/1/2023",,,,1,7/2/2023 8:27am,NaN,
"PB01823-01, PB01323-01-2023-02-08T14:41:00.000Z",8/2/2023 8:41am,"PB01823-01,PB01323-01",DDG 2,"18/1/2023, 13/1/2023",,,,1,8/2/2023 8:41am,NaN,
"PB01823-01, PB01323-01, PB01723-01-2023-02-09T13:55:00.000Z",9/2/2023 7:55am,"PB01823-01,PB01323-01,PB01723-01",DDG 2,"18/1/2023, 13/1/2023, 17/1/2023",,,,1,9/2/2023 7:55am,NaN,
"PB01823-02, PB01323-02-2023-02-13T14:27:00.000Z",13/2/2023 8:27am,"PB01823-02,PB01323-02",TAI 2 (FM),"18/1/2023, 13/1/2023",,,,1,13/2/2023 8:28am,NaN,
"PB01823-02, PB01323-02, GMX00323-01-2023-02-16T14:47:00.000Z",16/2/2023 8:47am,"PB01823-02,PB01323-02,GMX00323-01",,"18/1/2023, 13/1/2023, 3/1/2023",,2,,,16/2/2023 8:47am,NaN,
PB01823-03-2023-02-11T16:15:00.000Z,11/2/2023 10:15am,PB01823-03,TAI 2 (LH),18/1/2023,,,,1,11/2/2023 10:16am,24,
"PB01823-03, PB01323-03, PB01323-04, PB01823-04-2023-02-13T14:26:00.000Z",13/2/2023 8:26am,"PB01823-03,PB01323-03,PB01323-04,PB01823-04",TAI 2 (LH),"18/1/2023, 13/1/2023, 13/1/2023, 18/1/2023",,,,1,13/2/2023 8:27am,NaN,
"PB01823-03, PB01323-03, PB01823-04, PB01323-04-2023-02-16T14:28:00.000Z",16/2/2023 8:28am,"PB01823-03,PB01323-03,PB01823-04,PB01323-04",TAI 2 (LH),"18/1/2023, 13/1/2023, 18/1/2023, 13/1/2023",,,,1,16/2/2023 8:28am,NaN,
"PB01823-04, PB01323-04-2023-02-13T14:15:00.000Z",13/2/2023 8:15am,"PB01823-04,PB01323-04",,"18/1/2023, 13/1/2023",,,,,13/2/2023 8:15am,NaN,1
"PB01823-04, PB01323-04-2023-02-16T14:29:00.000Z",16/2/2023 8:29am,"PB01823-04,PB01323-04",,"18/1/2023, 13/1/2023",,,,,16/2/2023 8:29am,NaN,1
PB01823-05-2023-02-09T21:33:00.000Z,9/2/2023 3:33pm,PB01823-05,,18/1/2023,,9,,,9/2/2023 3:33pm,22,
PB01823-05-2023-02-14T14:45:00.000Z,14/2/2023 8:45am,PB01823-05,,18/1/2023,,3,,,14/2/2023 8:45am,27,
PB01823-05-2023-02-15T18:12:00.000Z,15/2/2023 12:12pm,PB01823-05,,18/1/2023,,6,,,16/2/2023 12:12pm,28,
PB01823-05-2023-02-15T18:12:00.000Z,15/2/2023 12:12pm,PB01823-05,,18/1/2023,,6,,,16/2/2023 12:12pm,28,
"PB01823-05, PB01823-06, PB00623-01, PB00623-02-2023-02-02T14:41:00.000Z",2/2/2023 8:41am,"PB01823-05,PB01823-06,PB00623-01,PB00623-02",DDG 2,"18/1/2023, 18/1/2023, 6/1/2023, 6/1/2023",,,,3,2/2/2023 8:41am,NaN,
"PB01823-05, PB01823-06, PB00623-01, PB00623-02-2023-02-03T14:32:00.000Z",3/2/2023 8:32am,"PB01823-05,PB01823-06,PB00623-01,PB00623-02",DDG 2,"18/1/2023, 18/1/2023, 6/1/2023, 6/1/2023",,,,6,3/2/2023 8:32am,NaN,
"PB01823-05, PB01823-06, PB00623-01, PB00623-02-2023-02-07T14:32:00.000Z",7/2/2023 8:32am,"PB01823-05,PB01823-06,PB00623-01,PB00623-02",DDG 2,"18/1/2023, 18/1/2023, 6/1/2023, 6/1/2023",,,,3,7/2/2023 8:32am,NaN,
"PB01823-05, PB01823-06, PB02523-03, PB02523-04-2023-02-14T14:46:00.000Z",14/2/2023 8:46am,"PB01823-05,PB01823-06,PB02523-03,PB02523-04",DDG 2,"18/1/2023, 18/1/2023, 25/1/2023, 25/1/2023",,,,,14/2/2023 8:46am,NaN,
"PB01823-05, PB01823-06, PB02523-04, PB02523-03-2023-02-16T14:36:00.000Z",16/2/2023 8:36am,"PB01823-05,PB01823-06,PB02523-04,PB02523-03",DDG 2,"18/1/2023, 18/1/2023, 25/1/2023, 25/1/2023",,,,6,16/2/2023 8:36am,NaN,
"PB01823-05, PB02523-03-2023-02-15T15:29:00.000Z",15/2/2023 9:29am,"PB01823-05,PB02523-03",DDG 2,"18/1/2023, 25/1/2023",,,,3,15/2/2023 9:29am,NaN,
"PB01823-05, PB02523-03-2023-02-17T22:32:00.000Z",17/2/2023 4:32pm,"PB01823-05,PB02523-03",DDG 2,"18/1/2023, 25/1/2023",,,,6,17/2/2023 4:32pm,NaN,
PB01823-06-2023-02-09T21:31:00.000Z,9/2/2023 3:31pm,PB01823-06,,18/1/2023,,,,,9/2/2023 3:31pm,22,6
PB01823-06-2023-02-13T14:29:00.000Z,13/2/2023 8:29am,PB01823-06,,18/1/2023,,,,,13/2/2023 8:29am,26,6
PB01823-06-2023-02-15T15:28:00.000Z,15/2/2023 9:28am,PB01823-06,DDG 2,18/1/2023,,,,1,15/2/2023 9:28am,28,4
"PB02423-01, PB02323-01, PB02423-02, PB02523-01, PB02523-02, PB02323-02-2023-02-07T16:10:00.000Z",7/2/2023 10:10am,"PB02423-01,PB02323-01,PB02423-02,PB02523-01,PB02523-02,PB02323-02",DDG 2,"24/1/2023, 23/1/2023, 24/1/2023, 25/1/2023, 25/1/2023, 23/1/2023",,3,,1,9/2/2023 10:11am,NaN,
"PB02423-02, PB03023-01, PB02723-01, PB02623-01, PB02323-01, PB02323-02, PB01723-01, PB02423-01, PB01823-01, PB02523-02-2023-02-17T22:34:00.000Z",17/2/2023 4:34pm,"PB02423-02,PB03023-01,PB02723-01,PB02623-01,PB02323-01,PB02323-02,PB01723-01,PB02423-01,PB01823-01,PB02523-02",DDG 2,"24/1/2023, 30/1/2023, 27/1/2023, 26/1/2023, 23/1/2023, 23/1/2023, 17/1/2023, 24/1/2023, 18/1/2023, 25/1/2023",,,,1,17/2/2023 4:34pm,NaN,
"PB02423-02, PB03923-01, PB02623-01, PB02723-01, PB01723-01, PB02323-02, PB02323-01, PB02423-01, PB01323-01, PB01823-01, PB02523-02, PB02523-01-2023-02-16T14:32:00.000Z",16/2/2023 8:32am,"PB02423-02,PB03923-01,PB02623-01,PB02723-01,PB01723-01,PB02323-02,PB02323-01,PB02423-01,PB01323-01,PB01823-01,PB02523-02,PB02523-01",DDG 2,"24/1/2023, 8/2/2023, 26/1/2023, 27/1/2023, 17/1/2023, 23/1/2023, 23/1/2023, 24/1/2023, 13/1/2023, 18/1/2023, 25/1/2023, 25/1/2023",,,,1,16/2/2023 8:32am,NaN,
"PB02523-01, PB02423-02, PB02523-02, PB01823-01, PB01323-01, PB02423-01, PB01723-01, PB02323-02, PB02323-01, PB02623-01, PB02723-01-2023-02-10T14:19:00.000Z",10/2/2023 8:19am,"PB02523-01,PB02423-02,PB02523-02,PB01823-01,PB01323-01,PB02423-01,PB01723-01,PB02323-02,PB02323-01,PB02623-01,PB02723-01",DDG 2,"25/1/2023, 24/1/2023, 25/1/2023, 18/1/2023, 13/1/2023, 24/1/2023, 17/1/2023, 23/1/2023, 23/1/2023, 26/1/2023, 27/1/2023",,,,1,10/2/2023 8:20am,NaN,
"PB02523-01, PB02523-02, PB01823-01, PB01323-01, PB02423-01, PB01723-01, PB02323-02, PB02323-01, PB02623-01, PB02723-01, PB02423-02, PB03023-01-2023-02-14T14:44:00.000Z",14/2/2023 8:44am,"PB02523-01,PB02523-02,PB01823-01,PB01323-01,PB02423-01,PB01723-01,PB02323-02,PB02323-01,PB02623-01,PB02723-01,PB02423-02,PB03023-01",DDG 2,"25/1/2023, 25/1/2023, 18/1/2023, 13/1/2023, 24/1/2023, 17/1/2023, 23/1/2023, 23/1/2023, 26/1/2023, 27/1/2023, 24/1/2023, 30/1/2023",,,,1,14/2/2023 8:44am,NaN,
"PB02523-01, PB02523-02, PB02423-01, PB01323-01, PB01823-01, PB01723-01, PB02323-02, PB02323-01, PB02723-01, PB02623-01, PB02423-02, PB03023-01-2023-02-13T14:25:00.000Z",13/2/2023 8:25am,"PB02523-01,PB02523-02,PB02423-01,PB01323-01,PB01823-01,PB01723-01,PB02323-02,PB02323-01,PB02723-01,PB02623-01,PB02423-02,PB03023-01",DDG 2,"25/1/2023, 25/1/2023, 24/1/2023, 13/1/2023, 18/1/2023, 17/1/2023, 23/1/2023, 23/1/2023, 27/1/2023, 26/1/2023, 24/1/2023, 30/1/2023",,,,1,13/2/2023 8:25am,NaN,
PB02523-03-2023-02-13T14:50:00.000Z,13/2/2023 8:50am,PB02523-03,,25/1/2023,,6,,,13/2/2023 8:51am,19,
PB02523-03-2023-02-15T18:13:00.000Z,15/2/2023 12:13pm,PB02523-03,,25/1/2023,,3,,,16/2/2023 12:13pm,21,
PB02523-04-2023-02-09T13:58:00.000Z,9/2/2023 7:58am,PB02523-04,DDG 2,25/1/2023,,,,3,9/2/2023 7:58am,15,
PB02523-04-2023-02-10T20:35:00.000Z,10/2/2023 2:35pm,PB02523-04,,25/1/2023,,4,10/2/2023,,10/2/2023 2:35pm,16,
PB02523-04-2023-02-13T14:50:00.000Z,13/2/2023 8:50am,PB02523-04,,25/1/2023,,,,,13/2/2023 8:50am,19,6
PB02523-04-2023-02-15T15:29:00.000Z,15/2/2023 9:29am,PB02523-04,DDG 2,25/1/2023,,,,3,15/2/2023 9:30am,21,4
"PB02523-04, PB01823-06-2023-02-17T22:31:00.000Z",17/2/2023 4:31pm,"PB02523-04,PB01823-06",DDG 2,"25/1/2023, 18/1/2023",,,,6,17/2/2023 4:31pm,NaN,6
"PB02523-04, PB02523-03, PB01823-05, PB01823-06, PB00623-01-2023-02-13T14:18:00.000Z",13/2/2023 8:18am,"PB02523-04,PB02523-03,PB01823-05,PB01823-06,PB00623-01",DDG 2,"25/1/2023, 25/1/2023, 18/1/2023, 18/1/2023, 6/1/2023",,,,6,13/2/2023 8:18am,NaN,
PB02623-01-2023-02-08T16:14:00.000Z,8/2/2023 10:14am,PB02623-01,DDG 2,26/1/2023,,2,,1,9/2/2023 10:15am,13,
PB02623-02-2023-02-07T16:14:00.000Z,7/2/2023 10:14am,PB02623-02,DDG3,26/1/2023,,3,,1,9/2/2023 10:14am,12,
PB02623-02-2023-02-17T22:35:00.000Z,17/2/2023 4:35pm,PB02623-02,DDG3,26/1/2023,,,,1,17/2/2023 4:35pm,22,
PB02623-03-2023-02-07T16:12:00.000Z,7/2/2023 10:12am,PB02623-03,DDG5,26/1/2023,,3,,1,9/2/2023 10:12am,12,
PB02623-04-2023-02-07T16:15:00.000Z,7/2/2023 10:15am,PB02623-04,DDG6,26/1/2023,,3,,1,9/2/2023 10:15am,12,
"PB02623-04, PB02723-04, PB03023-04-2023-02-16T14:34:00.000Z",16/2/2023 8:34am,"PB02623-04,PB02723-04,PB03023-04",DDG6,"26/1/2023, 27/1/2023, 30/1/2023",,,,1,16/2/2023 8:35am,NaN,
"PB02723-02, PB02623-02-2023-02-13T14:31:00.000Z",13/2/2023 8:31am,"PB02723-02,PB02623-02",DDG3,"27/1/2023, 26/1/2023",,,,1,13/2/2023 8:31am,NaN,
"PB02723-04, PB02623-04-2023-02-13T14:33:00.000Z",13/2/2023 8:33am,"PB02723-04,PB02623-04",DDG6,"27/1/2023, 26/1/2023",,,,1,13/2/2023 8:33am,NaN,
PB03023-01-2023-02-10T22:19:00.000Z,10/2/2023 4:19pm,PB03023-01,DDG 2,30/1/2023,,,,1,10/2/2023 4:19pm,11,
"PB03023-01, PB02423-02, PB02623-01, PB02323-01, PB02323-02, PB01723-01, PB01823-01, PB01323-01-2023-02-15T15:27:00.000Z",15/2/2023 9:27am,"PB03023-01,PB02423-02,PB02623-01,PB02323-01,PB02323-02,PB01723-01,PB01823-01,PB01323-01",DDG 2,"30/1/2023, 24/1/2023, 26/1/2023, 23/1/2023, 23/1/2023, 17/1/2023, 18/1/2023, 13/1/2023",,,,1,15/2/2023 9:27am,NaN,
"PB03023-01, PB03023-02, PB03023-03, PB03023-04-2023-02-10T22:18:00.000Z",10/2/2023 4:18pm,"PB03023-01,PB03023-02,PB03023-03,PB03023-04",,"30/1/2023, 30/1/2023, 30/1/2023, 30/1/2023",,2,,,10/2/2023 4:18pm,NaN,
PB03023-02-2023-02-10T22:19:00.000Z,10/2/2023 4:19pm,PB03023-02,DDG3,30/1/2023,,,,1,10/2/2023 4:19pm,11,
"PB03023-02, PB02723-02, PB02623-02-2023-02-16T14:33:00.000Z",16/2/2023 8:33am,"PB03023-02,PB02723-02,PB02623-02",DDG3,"30/1/2023, 27/1/2023, 26/1/2023",,,,1,16/2/2023 8:34am,NaN,
PB03023-03-2023-02-10T22:20:00.000Z,10/2/2023 4:20pm,PB03023-03,DDG5,30/1/2023,,,,1,10/2/2023 4:20pm,11,
"PB03023-03, PB02623-03, PB02723-03-2023-02-16T14:32:00.000Z",16/2/2023 8:32am,"PB03023-03,PB02623-03,PB02723-03",DDG5,"30/1/2023, 26/1/2023, 27/1/2023",,,,1,16/2/2023 8:33am,NaN,
PB03023-04-2023-02-10T22:20:00.000Z,10/2/2023 4:20pm,PB03023-04,DDG6,30/1/2023,,,,1,10/2/2023 4:20pm,11,
PB33022-01-2022-11-28T17:03:00.000Z,28/11/2022 11:03am,PB33022-01,DDG 2,26/11/2022,100.0,,,,9/1/2023 4:28pm,2,
PB33022-01-2022-12-01T14:39:00.000Z,1/12/2022 8:39am,PB33022-01,DDG 2,26/11/2022,,,,0.5,9/1/2023 4:34pm,5,
PB33022-01-2022-12-07T14:40:00.000Z,7/12/2022 8:40am,PB33022-01,DDG 2,26/11/2022,,,,0.5,9/1/2023 4:34pm,11,
PB33022-01-2022-12-08T19:30:00.000Z,8/12/2022 1:30pm,PB33022-01,,26/11/2022,,,,,9/1/2023 4:34pm,12,
PB33022-01-2022-12-12T14:30:00.000Z,12/12/2022 8:30am,PB33022-01,DDG 2,26/11/2022,,,,1,9/1/2023 4:34pm,16,
PB33022-01-2022-12-13T14:28:00.000Z,13/12/2022 8:28am,PB33022-01,DDG 2,26/11/2022,,,,1,9/1/2023 4:34pm,17,
PB33022-01-2022-12-14T15:16:00.000Z,14/12/2022 9:16am,PB33022-01,DDG 2,26/11/2022,,,,1,9/1/2023 4:34pm,18,
PB33022-01-2022-12-15T14:32:00.000Z,15/12/2022 8:32am,PB33022-01,DDG 2,26/11/2022,,,,1,9/1/2023 4:34pm,19,
PB33022-01-2022-12-16T14:47:00.000Z,16/12/2022 8:47am,PB33022-01,DDG 2,26/11/2022,,,,1,9/1/2023 4:34pm,20,
PB33022-01-2022-12-19T14:53:00.000Z,19/12/2022 8:53am,PB33022-01,DDG 2,26/11/2022,,,,1,9/1/2023 4:34pm,23,
PB33022-01-2022-12-22T15:26:00.000Z,22/12/2022 9:26am,PB33022-01,,26/11/2022,,2,22/12/2022,,9/1/2023 4:34pm,26,
PB33022-01-2022-12-23T17:40:00.000Z,23/12/2022 11:40am,PB33022-01,DDG 2,26/11/2022,,,,1,9/1/2023 4:34pm,27,
PB33022-01-2022-12-24T16:31:00.000Z,24/12/2022 10:31am,PB33022-01,DDG 2,26/11/2022,,,,1,9/1/2023 4:34pm,28,
PB33022-01-2022-12-27T14:35:00.000Z,27/12/2022 8:35am,PB33022-01,DDG 2,26/11/2022,,,,1,9/1/2023 4:34pm,31,
PB33022-01-2022-12-28T14:35:00.000Z,28/12/2022 8:35am,PB33022-01,DDG 2,26/11/2022,,,,1,9/1/2023 4:34pm,32,
PB33022-01-2022-12-29T14:30:00.000Z,29/12/2022 8:30am,PB33022-01,DDG 2,26/11/2022,,,,1,9/1/2023 4:34pm,33,
PB33022-01-2022-12-30T14:41:00.000Z,30/12/2022 8:41am,PB33022-01,DDG 2,26/11/2022,,,,1,9/1/2023 4:34pm,34,
PB33022-01-2022-12-31T14:23:00.000Z,31/12/2022 8:23am,PB33022-01,DDG 2,26/11/2022,,,,1,9/1/2023 4:34pm,35,
PB33022-01-2023-01-03T14:31:00.000Z,3/1/2023 8:31am,PB33022-01,DDG 2,26/11/2022,,,,1,9/1/2023 4:34pm,38,
PB33022-01-2023-01-04T14:42:00.000Z,4/1/2023 8:42am,PB33022-01,DDG 2,26/11/2022,,,,1,9/1/2023 4:34pm,39,
PB33022-01-2023-01-05T15:15:00.000Z,5/1/2023 9:15am,PB33022-01,DDG 2,26/11/2022,,,,1,9/1/2023 4:34pm,40,
PB33022-01-2023-01-05T15:37:00.000Z,5/1/2023 9:37am,PB33022-01,,26/11/2022,,2,5/1/2023,,9/1/2023 4:34pm,40,
PB33022-01-2023-01-06T15:03:00.000Z,6/1/2023 9:03am,PB33022-01,DDG 2,26/11/2022,,,,1,9/1/2023 4:34pm,41,
PB33222-01-2022-11-29T15:45:00.000Z,29/11/2022 9:45am,PB33222-01,DDG 2,28/11/2022,100.0,,,,9/1/2023 4:34pm,1,
PB33222-01-2022-12-10T18:59:00.000Z,10/12/2022 12:59pm,PB33222-01,,28/11/2022,,,,,9/1/2023 4:34pm,12,
PB33222-01-2022-12-12T14:30:00.000Z,12/12/2022 8:30am,PB33222-01,DDG 2,28/11/2022,,,,1,9/1/2023 4:34pm,14,
PB33222-01-2022-12-13T14:28:00.000Z,13/12/2022 8:28am,PB33222-01,DDG 2,28/11/2022,,,,1,9/1/2023 4:34pm,15,
PB33222-01-2022-12-14T15:16:00.000Z,14/12/2022 9:16am,PB33222-01,DDG 2,28/11/2022,,,,1,9/1/2023 4:34pm,16,
PB33222-01-2022-12-15T14:32:00.000Z,15/12/2022 8:32am,PB33222-01,DDG 2,28/11/2022,,,,1,9/1/2023 4:34pm,17,
PB33222-01-2022-12-16T14:47:00.000Z,16/12/2022 8:47am,PB33222-01,DDG 2,28/11/2022,,,,1,9/1/2023 4:34pm,18,
PB33222-01-2022-12-19T14:53:00.000Z,19/12/2022 8:53am,PB33222-01,DDG 2,28/11/2022,,,,1,9/1/2023 4:34pm,21,
PB33222-01-2022-12-23T17:40:00.000Z,23/12/2022 11:40am,PB33222-01,DDG 2,28/11/2022,,,,1,9/1/2023 4:34pm,25,
PB33222-01-2022-12-24T16:33:00.000Z,24/12/2022 10:33am,PB33222-01,DDG 2,28/11/2022,,,,1,9/1/2023 4:34pm,26,
PB33222-01-2022-12-27T14:35:00.000Z,27/12/2022 8:35am,PB33222-01,DDG 2,28/11/2022,,,,1,9/1/2023 4:34pm,29,
PB33222-01-2022-12-28T14:35:00.000Z,28/12/2022 8:35am,PB33222-01,DDG 2,28/11/2022,,,,1,9/1/2023 4:34pm,30,
PB33222-01-2022-12-29T14:30:00.000Z,29/12/2022 8:30am,PB33222-01,DDG 2,28/11/2022,,,,1,9/1/2023 4:34pm,31,
PB33222-01-2022-12-30T14:41:00.000Z,30/12/2022 8:41am,PB33222-01,DDG 2,28/11/2022,,,,1,9/1/2023 4:34pm,32,
PB33222-01-2022-12-30T14:50:00.000Z,30/12/2022 8:50am,PB33222-01,,28/11/2022,,2,30/12/2022,,9/1/2023 4:34pm,32,
PB33222-01-2022-12-31T14:23:00.000Z,31/12/2022 8:23am,PB33222-01,DDG 2,28/11/2022,,,,1,9/1/2023 4:34pm,33,
PB33222-01-2023-01-03T14:31:00.000Z,3/1/2023 8:31am,PB33222-01,DDG 2,28/11/2022,,,,1,9/1/2023 4:34pm,36,
PB33222-01-2023-01-04T14:42:00.000Z,4/1/2023 8:42am,PB33222-01,DDG 2,28/11/2022,,,,1,9/1/2023 4:34pm,37,
PB33222-01-2023-01-05T15:15:00.000Z,5/1/2023 9:15am,PB33222-01,DDG 2,28/11/2022,,,,1,9/1/2023 4:34pm,38,
PB33222-01-2023-01-05T15:37:00.000Z,5/1/2023 9:37am,PB33222-01,,28/11/2022,,2,5/1/2023,,9/1/2023 4:34pm,38,
PB33222-01-2023-01-06T15:03:00.000Z,6/1/2023 9:03am,PB33222-01,DDG 2,28/11/2022,,,,1,9/1/2023 4:34pm,39,
PB33222-05-2022-11-29T15:50:00.000Z,29/11/2022 9:50am,PB33222-05,DDG 1,28/11/2022,766.0,,,,9/1/2023 4:34pm,1,
PB33222-05-2022-12-06T14:25:00.000Z,6/12/2022 8:25am,PB33222-05,DDG 1,28/11/2022,,,,2,9/1/2023 4:34pm,8,
PB33222-05-2022-12-08T15:57:00.000Z,8/12/2022 9:57am,PB33222-05,DDG 1,28/11/2022,,,,2,9/1/2023 4:34pm,10,
PB33222-05-2022-12-12T14:52:00.000Z,12/12/2022 8:52am,PB33222-05,P SOYA,28/11/2022,,,,2,9/1/2023 4:34pm,14,
PB33222-05-2022-12-13T14:31:00.000Z,13/12/2022 8:31am,PB33222-05,,28/11/2022,,2,13/12/2022,,9/1/2023 4:34pm,15,
PB33222-05-2022-12-13T15:05:00.000Z,13/12/2022 9:05am,PB33222-05,P SOYA,28/11/2022,,,,2,9/1/2023 4:34pm,15,
PB33222-05-2022-12-15T15:02:00.000Z,15/12/2022 9:02am,PB33222-05,P SOYA,28/11/2022,,,,2,9/1/2023 4:34pm,17,
PB33222-05-2022-12-20T15:11:00.000Z,20/12/2022 9:11am,PB33222-05,P SOYA,28/11/2022,,,,2,9/1/2023 4:34pm,22,
PB33222-05-2022-12-21T15:07:00.000Z,21/12/2022 9:07am,PB33222-05,P SOYA,28/11/2022,,,,2,9/1/2023 4:34pm,23,
PB33222-05-2022-12-22T15:56:00.000Z,22/12/2022 9:56am,PB33222-05,P SOYA,28/11/2022,,,,2,9/1/2023 4:34pm,24,
PB33222-05-2022-12-23T17:51:00.000Z,23/12/2022 11:51am,PB33222-05,P SOYA,28/11/2022,,,,1,9/1/2023 4:34pm,25,
PB33222-05-2022-12-23T17:55:00.000Z,23/12/2022 11:55am,PB33222-05,,28/11/2022,,3,23/12/2022,,9/1/2023 4:34pm,25,
PB33222-05-2022-12-28T15:06:00.000Z,28/12/2022 9:06am,PB33222-05,P SOYA,28/11/2022,,,,2,9/1/2023 4:34pm,30,
PB33222-05-2022-12-28T15:06:00.000Z,28/12/2022 9:06am,PB33222-05,,28/11/2022,,2,28/12/2022,,9/1/2023 4:34pm,30,
PB33222-05-2022-12-29T20:19:00.000Z,29/12/2022 2:19pm,PB33222-05,P SOYA,28/11/2022,,,,2,9/1/2023 4:34pm,31,
PB33222-05-2023-01-02T15:36:00.000Z,2/1/2023 9:36am,PB33222-05,P SOYA,28/11/2022,,,,2,9/1/2023 4:34pm,35,
PB33222-05-2023-01-03T15:18:00.000Z,3/1/2023 9:18am,PB33222-05,P SOYA,28/11/2022,,,,2,9/1/2023 4:34pm,36,
PB33222-05-2023-01-04T14:51:00.000Z,4/1/2023 8:51am,PB33222-05,P SOYA,28/11/2022,,,,2,9/1/2023 4:34pm,37,
PB33222-05-2023-01-06T15:16:00.000Z,6/1/2023 9:16am,PB33222-05,P SOYA,28/11/2022,,,,2,9/1/2023 4:34pm,39,
PB33222-06-2022-11-29T15:49:00.000Z,29/11/2022 9:49am,PB33222-06,DDG 1,28/11/2022,500.0,,,,9/1/2023 4:34pm,1,
PB33222-06-2022-12-06T14:25:00.000Z,6/12/2022 8:25am,PB33222-06,DDG 1,28/11/2022,,,,2,9/1/2023 4:34pm,8,
PB33222-06-2022-12-08T15:57:00.000Z,8/12/2022 9:57am,PB33222-06,DDG 1,28/11/2022,,,,2,9/1/2023 4:34pm,10,
PB33222-06-2022-12-12T14:52:00.000Z,12/12/2022 8:52am,PB33222-06,P SOYA,28/11/2022,,,,2,9/1/2023 4:34pm,14,
PB33222-06-2022-12-13T15:05:00.000Z,13/12/2022 9:05am,PB33222-06,P SOYA,28/11/2022,,,,2,9/1/2023 4:34pm,15,
PB33222-06-2022-12-15T15:02:00.000Z,15/12/2022 9:02am,PB33222-06,P SOYA,28/11/2022,,,,2,9/1/2023 4:34pm,17,
PB33222-06-2022-12-16T14:58:00.000Z,16/12/2022 8:58am,PB33222-06,P SOYA,28/11/2022,,,,2,9/1/2023 4:34pm,18,
PB33222-06-2022-12-20T15:11:00.000Z,20/12/2022 9:11am,PB33222-06,P SOYA,28/11/2022,,,,2,9/1/2023 4:34pm,22,
PB33222-06-2022-12-21T15:07:00.000Z,21/12/2022 9:07am,PB33222-06,P SOYA,28/11/2022,,,,2,9/1/2023 4:34pm,23,
PB33222-06-2022-12-22T15:56:00.000Z,22/12/2022 9:56am,PB33222-06,P SOYA,28/11/2022,,,,2,9/1/2023 4:34pm,24,
PB33222-06-2022-12-22T15:57:00.000Z,22/12/2022 9:57am,PB33222-06,,28/11/2022,,2,22/12/2022,,9/1/2023 4:34pm,24,
PB33222-06-2022-12-29T20:19:00.000Z,29/12/2022 2:19pm,PB33222-06,P SOYA,28/11/2022,,,,2,9/1/2023 4:34pm,31,
PB33222-06-2022-12-30T15:37:00.000Z,30/12/2022 9:37am,PB33222-06,P SOYA,28/11/2022,,,,3,9/1/2023 4:34pm,32,
PB33222-06-2023-01-02T15:36:00.000Z,2/1/2023 9:36am,PB33222-06,P SOYA,28/11/2022,,,,2,9/1/2023 4:34pm,35,
PB33222-06-2023-01-03T15:18:00.000Z,3/1/2023 9:18am,PB33222-06,P SOYA,28/11/2022,,,,2,9/1/2023 4:34pm,36,
PB33222-06-2023-01-03T15:20:00.000Z,3/1/2023 9:20am,PB33222-06,,28/11/2022,,2,3/1/2023,,9/1/2023 4:34pm,36,
PB33222-06-2023-01-04T14:51:00.000Z,4/1/2023 8:51am,PB33222-06,P SOYA,28/11/2022,,,,2,9/1/2023 4:34pm,37,
PB33222-06-2023-01-06T15:16:00.000Z,6/1/2023 9:16am,PB33222-06,P SOYA,28/11/2022,,,,2,9/1/2023 4:34pm,39,
PB33422-01-2022-11-30T22:16:00.000Z,30/11/2022 4:16pm,PB33422-01,,30/11/2022,76.0,,,,9/1/2023 4:34pm,0,
PB33422-01-2022-12-12T17:58:00.000Z,12/12/2022 11:58am,PB33422-01,,30/11/2022,,,,,9/1/2023 4:34pm,12,
PB33422-01-2022-12-15T14:33:00.000Z,15/12/2022 8:33am,PB33422-01,L69 1%,30/11/2022,,,,1,9/1/2023 4:34pm,15,
PB33422-01-2022-12-19T14:54:00.000Z,19/12/2022 8:54am,PB33422-01,L69 1%,30/11/2022,,,,1,9/1/2023 4:34pm,19,
PB33422-01-2022-12-20T14:35:00.000Z,20/12/2022 8:35am,PB33422-01,L69 1%,30/11/2022,,,,1,9/1/2023 4:34pm,20,
PB33422-01-2022-12-23T17:30:00.000Z,23/12/2022 11:30am,PB33422-01,L69 1%,30/11/2022,,,,1,9/1/2023 4:34pm,23,
PB33422-01-2022-12-24T16:51:00.000Z,24/12/2022 10:51am,PB33422-01,L69 1%,30/11/2022,,,,1,9/1/2023 4:34pm,24,
PB33422-01-2022-12-27T14:37:00.000Z,27/12/2022 8:37am,PB33422-01,L69 1%,30/11/2022,,,,1,9/1/2023 4:34pm,27,
PB33422-01-2022-12-28T14:31:00.000Z,28/12/2022 8:31am,PB33422-01,L69 1%,30/11/2022,,,,1,9/1/2023 4:34pm,28,
PB33422-01-2022-12-29T14:26:00.000Z,29/12/2022 8:26am,PB33422-01,L69 1%,30/11/2022,,,,1,9/1/2023 4:34pm,29,
PB33422-01-2022-12-30T14:46:00.000Z,30/12/2022 8:46am,PB33422-01,L69 1%,30/11/2022,,,,1,9/1/2023 4:34pm,30,
PB33422-01-2022-12-30T14:50:00.000Z,30/12/2022 8:50am,PB33422-01,,30/11/2022,,2,30/12/2022,,9/1/2023 4:34pm,30,
PB33422-01-2022-12-31T14:25:00.000Z,31/12/2022 8:25am,PB33422-01,L69 1%,30/11/2022,,,,1,9/1/2023 4:34pm,31,
PB33422-01-2023-01-02T14:58:00.000Z,2/1/2023 8:58am,PB33422-01,L69 1%,30/11/2022,,,,1,9/1/2023 4:34pm,33,
PB33422-01-2023-01-03T14:34:00.000Z,3/1/2023 8:34am,PB33422-01,L69 1%,30/11/2022,,,,1,9/1/2023 4:34pm,34,
PB33422-01-2023-01-04T14:34:00.000Z,4/1/2023 8:34am,PB33422-01,L69 1%,30/11/2022,,,,1,9/1/2023 4:34pm,35,
PB33422-01-2023-01-05T15:08:00.000Z,5/1/2023 9:08am,PB33422-01,L69 1%,30/11/2022,,,,1,9/1/2023 4:34pm,36,
PB33422-01-2023-01-06T14:50:00.000Z,6/1/2023 8:50am,PB33422-01,L69 1%,30/11/2022,,,,1,9/1/2023 4:34pm,37,
PB33422-01-2023-01-09T06:00:00.000Z,9/1/2023 12:00am,PB33422-01,L69 1%,30/11/2022,,,,1,9/1/2023 8:59am,40,
PB33422-01-2023-01-09T06:00:00.000Z,9/1/2023 12:00am,PB33422-01,,30/11/2022,,2,,,9/1/2023 9:16am,40,
PB33422-03-2022-11-30T22:26:00.000Z,30/11/2022 4:26pm,PB33422-03,L69 5%,30/11/2022,76.0,,,,9/1/2023 4:34pm,0,
PB33422-03-2022-12-12T18:04:00.000Z,12/12/2022 12:04pm,PB33422-03,,30/11/2022,,,,,9/1/2023 4:34pm,12,
PB33422-03-2022-12-15T14:34:00.000Z,15/12/2022 8:34am,PB33422-03,L69 5%,30/11/2022,,,,1,9/1/2023 4:34pm,15,
PB33422-03-2022-12-19T14:55:00.000Z,19/12/2022 8:55am,PB33422-03,L69 5%,30/11/2022,,,,1,9/1/2023 4:34pm,19,
PB33422-03-2022-12-20T14:36:00.000Z,20/12/2022 8:36am,PB33422-03,L69 5%,30/11/2022,,,,1,9/1/2023 4:34pm,20,
PB33422-03-2022-12-21T14:48:00.000Z,21/12/2022 8:48am,PB33422-03,L69 5%,30/11/2022,,,,1,9/1/2023 4:34pm,21,
PB33422-03-2022-12-24T16:53:00.000Z,24/12/2022 10:53am,PB33422-03,L69 5%,30/11/2022,,,,1,9/1/2023 4:34pm,24,
PB33422-03-2022-12-27T14:39:00.000Z,27/12/2022 8:39am,PB33422-03,L69 5%,30/11/2022,,,,1,9/1/2023 4:34pm,27,
PB33422-03-2022-12-28T14:32:00.000Z,28/12/2022 8:32am,PB33422-03,L69 5%,30/11/2022,,,,1,9/1/2023 4:34pm,28,
PB33422-03-2022-12-28T14:50:00.000Z,28/12/2022 8:50am,PB33422-03,,30/11/2022,,2,28/12/2022,,9/1/2023 4:34pm,28,
PB33422-03-2022-12-29T14:27:00.000Z,29/12/2022 8:27am,PB33422-03,L69 5%,30/11/2022,,,,1,9/1/2023 4:34pm,29,
PB33422-03-2022-12-30T14:47:00.000Z,30/12/2022 8:47am,PB33422-03,L69 5%,30/11/2022,,,,1,9/1/2023 4:34pm,30,
PB33422-03-2022-12-31T14:26:00.000Z,31/12/2022 8:26am,PB33422-03,L69 5%,30/11/2022,,,,1,9/1/2023 4:34pm,31,
PB33422-03-2023-01-02T14:59:00.000Z,2/1/2023 8:59am,PB33422-03,L69 5%,30/11/2022,,,,1,9/1/2023 4:34pm,33,
PB33422-03-2023-01-04T14:35:00.000Z,4/1/2023 8:35am,PB33422-03,L69 5%,30/11/2022,,,,1,9/1/2023 4:34pm,35,
PB33422-03-2023-01-05T15:09:00.000Z,5/1/2023 9:09am,PB33422-03,L69 5%,30/11/2022,,,,1,9/1/2023 4:34pm,36,
PB33422-03-2023-01-05T15:37:00.000Z,5/1/2023 9:37am,PB33422-03,,30/11/2022,,2,5/1/2023,,9/1/2023 4:34pm,36,
PB33422-03-2023-01-06T14:51:00.000Z,6/1/2023 8:51am,PB33422-03,L69 5%,30/11/2022,,,,1,9/1/2023 4:34pm,37,
PB33422-03-2023-01-09T06:00:00.000Z,9/1/2023 12:00am,PB33422-03,L69 5%,30/11/2022,,,,1,9/1/2023 9:00am,40,
"PB33422-03, PB33522-03-2023-01-07T06:00:00.000Z",7/1/2023 12:00am,"PB33422-03,PB33522-03",L69 5%,"30/11/2022, 1/12/2022",,,,1,9/1/2023 1:20pm,NaN,
PB33422-04-2022-11-30T22:22:00.000Z,30/11/2022 4:22pm,PB33422-04,DDG 2,30/11/2022,76.0,,,,9/1/2023 4:34pm,0,
PB33422-04-2022-12-12T18:02:00.000Z,12/12/2022 12:02pm,PB33422-04,,30/11/2022,,,,,9/1/2023 4:34pm,12,
PB33422-04-2022-12-14T15:16:00.000Z,14/12/2022 9:16am,PB33422-04,DDG 2,30/11/2022,,,,1,9/1/2023 4:34pm,14,
PB33422-04-2022-12-15T14:32:00.000Z,15/12/2022 8:32am,PB33422-04,DDG 2,30/11/2022,,,,1,9/1/2023 4:34pm,15,
PB33422-04-2022-12-16T14:47:00.000Z,16/12/2022 8:47am,PB33422-04,DDG 2,30/11/2022,,,,1,9/1/2023 4:34pm,16,
PB33422-04-2022-12-19T14:53:00.000Z,19/12/2022 8:53am,PB33422-04,DDG 2,30/11/2022,,,,1,9/1/2023 4:34pm,19,
PB33422-04-2022-12-23T17:40:00.000Z,23/12/2022 11:40am,PB33422-04,DDG 2,30/11/2022,,,,1,9/1/2023 4:34pm,23,
PB33422-04-2022-12-28T14:35:00.000Z,28/12/2022 8:35am,PB33422-04,DDG 2,30/11/2022,,,,1,9/1/2023 4:34pm,28,
PB33422-04-2022-12-29T14:30:00.000Z,29/12/2022 8:30am,PB33422-04,DDG 2,30/11/2022,,,,1,9/1/2023 4:34pm,29,
PB33422-04-2022-12-30T14:41:00.000Z,30/12/2022 8:41am,PB33422-04,DDG 2,30/11/2022,,,,1,9/1/2023 4:34pm,30,
PB33422-04-2022-12-30T14:50:00.000Z,30/12/2022 8:50am,PB33422-04,,30/11/2022,,2,30/12/2022,,9/1/2023 4:34pm,30,
PB33422-04-2022-12-31T14:23:00.000Z,31/12/2022 8:23am,PB33422-04,DDG 2,30/11/2022,,,,1,9/1/2023 4:34pm,31,
PB33422-04-2023-01-03T14:31:00.000Z,3/1/2023 8:31am,PB33422-04,DDG 2,30/11/2022,,,,1,9/1/2023 4:34pm,34,
PB33422-04-2023-01-04T14:42:00.000Z,4/1/2023 8:42am,PB33422-04,DDG 2,30/11/2022,,,,1,9/1/2023 4:34pm,35,
PB33422-04-2023-01-05T15:15:00.000Z,5/1/2023 9:15am,PB33422-04,DDG 2,30/11/2022,,,,1,9/1/2023 4:34pm,36,
PB33422-04-2023-01-06T15:03:00.000Z,6/1/2023 9:03am,PB33422-04,DDG 2,30/11/2022,,,,1,9/1/2023 4:34pm,37,
"PB33422-04, PB33622-04, PB33522-04, PB34222-03-2023-01-10T15:11:00.000Z",10/1/2023 9:11am,"PB33422-04,PB33622-04,PB33522-04,PB34222-03",DDG 2,"30/11/2022, 2/12/2022, 1/12/2022, 8/12/2022",,,,1,10/1/2023 9:11am,NaN,
PB33422-05-2022-11-30T22:26:00.000Z,30/11/2022 4:26pm,PB33422-05,P SOYA,30/11/2022,915.0,,,,9/1/2023 4:34pm,0,
PB33422-05-2022-12-23T17:52:00.000Z,23/12/2022 11:52am,PB33422-05,P SOYA,30/11/2022,,,,4,9/1/2023 4:34pm,23,
PB33522-01-2022-12-02T14:49:00.000Z,2/12/2022 8:49am,PB33522-01,L69 1%,1/12/2022,76.0,,,,9/1/2023 4:34pm,1,
PB33522-01-2022-12-13T18:47:00.000Z,13/12/2022 12:47pm,PB33522-01,,1/12/2022,,,,,9/1/2023 4:34pm,12,
PB33522-01-2022-12-15T14:33:00.000Z,15/12/2022 8:33am,PB33522-01,L69 1%,1/12/2022,,,,1,9/1/2023 4:34pm,14,
PB33522-01-2022-12-19T14:54:00.000Z,19/12/2022 8:54am,PB33522-01,L69 1%,1/12/2022,,,,1,9/1/2023 4:34pm,18,
PB33522-01-2022-12-20T14:35:00.000Z,20/12/2022 8:35am,PB33522-01,L69 1%,1/12/2022,,,,1,9/1/2023 4:34pm,19,
PB33522-01-2022-12-23T17:30:00.000Z,23/12/2022 11:30am,PB33522-01,L69 1%,1/12/2022,,,,1,9/1/2023 4:34pm,22,
PB33522-01-2022-12-24T16:51:00.000Z,24/12/2022 10:51am,PB33522-01,L69 1%,1/12/2022,,,,1,9/1/2023 4:34pm,23,
PB33522-01-2022-12-27T14:37:00.000Z,27/12/2022 8:37am,PB33522-01,L69 1%,1/12/2022,,,,1,9/1/2023 4:34pm,26,
PB33522-01-2022-12-28T14:31:00.000Z,28/12/2022 8:31am,PB33522-01,L69 1%,1/12/2022,,,,1,9/1/2023 4:34pm,27,
PB33522-01-2022-12-29T14:26:00.000Z,29/12/2022 8:26am,PB33522-01,L69 1%,1/12/2022,,,,1,9/1/2023 4:34pm,28,
PB33522-01-2022-12-30T14:46:00.000Z,30/12/2022 8:46am,PB33522-01,L69 1%,1/12/2022,,,,1,9/1/2023 4:34pm,29,
PB33522-01-2022-12-30T14:50:00.000Z,30/12/2022 8:50am,PB33522-01,,1/12/2022,,2,30/12/2022,,9/1/2023 4:34pm,29,
PB33522-01-2022-12-31T14:25:00.000Z,31/12/2022 8:25am,PB33522-01,L69 1%,1/12/2022,,,,1,9/1/2023 4:34pm,30,
PB33522-01-2023-01-02T14:58:00.000Z,2/1/2023 8:58am,PB33522-01,L69 1%,1/12/2022,,,,1,9/1/2023 4:34pm,32,
PB33522-01-2023-01-03T14:34:00.000Z,3/1/2023 8:34am,PB33522-01,L69 1%,1/12/2022,,,,1,9/1/2023 4:34pm,33,
PB33522-01-2023-01-04T14:34:00.000Z,4/1/2023 8:34am,PB33522-01,L69 1%,1/12/2022,,,,1,9/1/2023 4:34pm,34,
PB33522-01-2023-01-05T15:08:00.000Z,5/1/2023 9:08am,PB33522-01,L69 1%,1/12/2022,,,,1,9/1/2023 4:34pm,35,
PB33522-01-2023-01-06T14:50:00.000Z,6/1/2023 8:50am,PB33522-01,L69 1%,1/12/2022,,,,1,9/1/2023 4:34pm,36,
PB33522-01-2023-01-09T06:00:00.000Z,9/1/2023 12:00am,PB33522-01,,1/12/2022,,,,1,9/1/2023 8:59am,39,
"PB33522-01, PB33422-01, PB34222-01-2023-01-10T15:21:00.000Z",10/1/2023 9:21am,"PB33522-01,PB33422-01,PB34222-01",L69 1%,"1/12/2022, 30/11/2022, 8/12/2022",,,,1,10/1/2023 9:21am,NaN,
PB33522-02-2022-12-02T14:50:00.000Z,2/12/2022 8:50am,PB33522-02,L69 3%,1/12/2022,76.0,,,,9/1/2023 4:34pm,1,
PB33522-02-2022-12-13T21:22:00.000Z,13/12/2022 3:22pm,PB33522-02,,1/12/2022,,,,,9/1/2023 4:34pm,12,
PB33522-02-2022-12-15T14:35:00.000Z,15/12/2022 8:35am,PB33522-02,L69 3%,1/12/2022,,,,1,9/1/2023 4:34pm,14,
PB33522-02-2022-12-19T14:56:00.000Z,19/12/2022 8:56am,PB33522-02,L69 3%,1/12/2022,,,,1,9/1/2023 4:34pm,18,
PB33522-02-2022-12-20T14:36:00.000Z,20/12/2022 8:36am,PB33522-02,L69 3%,1/12/2022,,,,1,9/1/2023 4:34pm,19,
PB33522-02-2022-12-21T14:49:00.000Z,21/12/2022 8:49am,PB33522-02,L69 3%,1/12/2022,,,,1,9/1/2023 4:34pm,20,
PB33522-02-2022-12-23T17:32:00.000Z,23/12/2022 11:32am,PB33522-02,L69 3%,1/12/2022,,,,1,9/1/2023 4:34pm,22,
PB33522-02-2022-12-24T16:50:00.000Z,24/12/2022 10:50am,PB33522-02,L69 3%,1/12/2022,,,,1,9/1/2023 4:34pm,23,
PB33522-02-2022-12-27T14:40:00.000Z,27/12/2022 8:40am,PB33522-02,L69 3%,1/12/2022,,,,1,9/1/2023 4:34pm,26,
PB33522-02-2022-12-28T14:30:00.000Z,28/12/2022 8:30am,PB33522-02,L69 3%,1/12/2022,,,,1,9/1/2023 4:34pm,27,
PB33522-02-2022-12-28T14:50:00.000Z,28/12/2022 8:50am,PB33522-02,,1/12/2022,,2,28/12/2022,,9/1/2023 4:34pm,27,
PB33522-02-2022-12-29T14:25:00.000Z,29/12/2022 8:25am,PB33522-02,L69 3%,1/12/2022,,,,1,9/1/2023 4:34pm,28,
PB33522-02-2022-12-30T14:45:00.000Z,30/12/2022 8:45am,PB33522-02,L69 3%,1/12/2022,,,,1,9/1/2023 4:34pm,29,
PB33522-02-2022-12-31T14:24:00.000Z,31/12/2022 8:24am,PB33522-02,L69 3%,1/12/2022,,,,1,9/1/2023 4:34pm,30,
PB33522-02-2023-01-02T14:56:00.000Z,2/1/2023 8:56am,PB33522-02,L69 3%,1/12/2022,,,,1,9/1/2023 4:34pm,32,
PB33522-02-2023-01-03T14:33:00.000Z,3/1/2023 8:33am,PB33522-02,L69 3%,1/12/2022,,,,1,9/1/2023 4:34pm,33,
PB33522-02-2023-01-04T14:33:00.000Z,4/1/2023 8:33am,PB33522-02,L69 3%,1/12/2022,,,,1,9/1/2023 4:34pm,34,
PB33522-02-2023-01-05T15:05:00.000Z,5/1/2023 9:05am,PB33522-02,L69 3%,1/12/2022,,,,1,9/1/2023 4:34pm,35,
PB33522-02-2023-01-05T15:07:00.000Z,5/1/2023 9:07am,PB33522-02,L69 3%,1/12/2022,,,,1,9/1/2023 4:34pm,35,
PB33522-02-2023-01-05T15:12:00.000Z,5/1/2023 9:12am,PB33522-02,AJ2,1/12/2022,,,,1,9/1/2023 4:34pm,35,
PB33522-02-2023-01-06T14:49:00.000Z,6/1/2023 8:49am,PB33522-02,L69 3%,1/12/2022,,,,1,9/1/2023 4:34pm,36,
PB33522-02-2023-01-09T06:00:00.000Z,9/1/2023 12:00am,PB33522-02,L69 3%,1/12/2022,,,,1,9/1/2023 8:57am,39,
PB33522-02-2023-01-09T06:00:00.000Z,9/1/2023 12:00am,PB33522-02,,1/12/2022,,2,,,9/1/2023 9:16am,39,
"PB33522-02, PB34222-02, PB33622-03-2023-01-07T06:00:00.000Z",7/1/2023 12:00am,"PB33522-02,PB34222-02,PB33622-03",L69 3%,"1/12/2022, 8/12/2022, 2/12/2022",,,,1,9/1/2023 1:20pm,NaN,
PB33522-03-2022-12-02T14:51:00.000Z,2/12/2022 8:51am,PB33522-03,L69 5%,1/12/2022,76.0,,,,9/1/2023 4:34pm,1,
PB33522-03-2022-12-13T18:56:00.000Z,13/12/2022 12:56pm,PB33522-03,,1/12/2022,,,,,9/1/2023 4:34pm,12,
PB33522-03-2022-12-15T14:34:00.000Z,15/12/2022 8:34am,PB33522-03,L69 5%,1/12/2022,,,,1,9/1/2023 4:34pm,14,
PB33522-03-2022-12-19T14:55:00.000Z,19/12/2022 8:55am,PB33522-03,L69 5%,1/12/2022,,,,1,9/1/2023 4:34pm,18,
PB33522-03-2022-12-20T14:36:00.000Z,20/12/2022 8:36am,PB33522-03,L69 5%,1/12/2022,,,,1,9/1/2023 4:34pm,19,
PB33522-03-2022-12-21T14:48:00.000Z,21/12/2022 8:48am,PB33522-03,L69 5%,1/12/2022,,,,1,9/1/2023 4:34pm,20,
PB33522-03-2022-12-23T17:28:00.000Z,23/12/2022 11:28am,PB33522-03,L69 5%,1/12/2022,,,,1,9/1/2023 4:34pm,22,
PB33522-03-2022-12-24T16:53:00.000Z,24/12/2022 10:53am,PB33522-03,L69 5%,1/12/2022,,,,1,9/1/2023 4:34pm,23,
PB33522-03-2022-12-27T14:39:00.000Z,27/12/2022 8:39am,PB33522-03,L69 5%,1/12/2022,,,,1,9/1/2023 4:34pm,26,
PB33522-03-2022-12-28T14:32:00.000Z,28/12/2022 8:32am,PB33522-03,L69 5%,1/12/2022,,,,1,9/1/2023 4:34pm,27,
PB33522-03-2022-12-28T14:50:00.000Z,28/12/2022 8:50am,PB33522-03,,1/12/2022,,2,28/12/2022,,9/1/2023 4:34pm,27,
PB33522-03-2022-12-29T14:27:00.000Z,29/12/2022 8:27am,PB33522-03,L69 5%,1/12/2022,,,,1,9/1/2023 4:34pm,28,
PB33522-03-2022-12-30T14:47:00.000Z,30/12/2022 8:47am,PB33522-03,L69 5%,1/12/2022,,,,1,9/1/2023 4:34pm,29,
PB33522-03-2022-12-31T14:26:00.000Z,31/12/2022 8:26am,PB33522-03,L69 5%,1/12/2022,,,,1,9/1/2023 4:34pm,30,
PB33522-03-2023-01-02T14:59:00.000Z,2/1/2023 8:59am,PB33522-03,L69 5%,1/12/2022,,,,1,9/1/2023 4:34pm,32,
PB33522-03-2023-01-03T14:35:00.000Z,3/1/2023 8:35am,PB33522-03,L69 5%,1/12/2022,,,,1,9/1/2023 4:34pm,33,
PB33522-03-2023-01-05T15:09:00.000Z,5/1/2023 9:09am,PB33522-03,L69 5%,1/12/2022,,,,1,9/1/2023 4:34pm,35,
PB33522-03-2023-01-05T15:37:00.000Z,5/1/2023 9:37am,PB33522-03,,1/12/2022,,2,5/1/2023,,9/1/2023 4:34pm,35,
PB33522-03-2023-01-06T14:51:00.000Z,6/1/2023 8:51am,PB33522-03,L69 5%,1/12/2022,,,,1,9/1/2023 4:34pm,36,
PB33522-03-2023-01-09T06:00:00.000Z,9/1/2023 12:00am,PB33522-03,L69 5%,1/12/2022,,,,1,9/1/2023 8:59am,39,
PB33522-03-2023-01-11T14:42:00.000Z,11/1/2023 8:42am,PB33522-03,L69 5%,1/12/2022,,,,1,11/1/2023 8:42am,41,
"PB33522-03, PB33422-03-2023-01-10T15:20:00.000Z",10/1/2023 9:20am,"PB33522-03,PB33422-03",L69 5%,"1/12/2022, 30/11/2022",,,,1,10/1/2023 9:20am,NaN,
PB33522-04-2022-12-02T14:52:00.000Z,2/12/2022 8:52am,PB33522-04,DDG 2,1/12/2022,76.0,,,,9/1/2023 4:34pm,1,
PB33522-04-2022-12-13T21:36:00.000Z,13/12/2022 3:36pm,PB33522-04,,1/12/2022,,,,,9/1/2023 4:34pm,12,
PB33522-04-2022-12-14T16:13:00.000Z,14/12/2022 10:13am,PB33522-04,,1/12/2022,,,,,9/1/2023 4:34pm,13,
PB33522-04-2022-12-15T14:32:00.000Z,15/12/2022 8:32am,PB33522-04,DDG 2,1/12/2022,,,,1,9/1/2023 4:34pm,14,
PB33522-04-2022-12-16T14:47:00.000Z,16/12/2022 8:47am,PB33522-04,DDG 2,1/12/2022,,,,1,9/1/2023 4:34pm,15,
PB33522-04-2022-12-19T14:53:00.000Z,19/12/2022 8:53am,PB33522-04,DDG 2,1/12/2022,,,,1,9/1/2023 4:34pm,18,
PB33522-04-2022-12-22T15:25:00.000Z,22/12/2022 9:25am,PB33522-04,,1/12/2022,,2,22/12/2022,,9/1/2023 4:34pm,21,
PB33522-04-2022-12-23T17:40:00.000Z,23/12/2022 11:40am,PB33522-04,DDG 2,1/12/2022,,,,1,9/1/2023 4:34pm,22,
PB33522-04-2022-12-24T16:31:00.000Z,24/12/2022 10:31am,PB33522-04,DDG 2,1/12/2022,,,,1,9/1/2023 4:34pm,23,
PB33522-04-2022-12-27T14:35:00.000Z,27/12/2022 8:35am,PB33522-04,DDG 2,1/12/2022,,,,1,9/1/2023 4:34pm,26,
PB33522-04-2022-12-28T14:35:00.000Z,28/12/2022 8:35am,PB33522-04,DDG 2,1/12/2022,,,,1,9/1/2023 4:34pm,27,
PB33522-04-2022-12-29T14:30:00.000Z,29/12/2022 8:30am,PB33522-04,DDG 2,1/12/2022,,,,1,9/1/2023 4:34pm,28,
PB33522-04-2022-12-30T14:41:00.000Z,30/12/2022 8:41am,PB33522-04,DDG 2,1/12/2022,,,,1,9/1/2023 4:34pm,29,
PB33522-04-2022-12-31T14:23:00.000Z,31/12/2022 8:23am,PB33522-04,DDG 2,1/12/2022,,,,1,9/1/2023 4:34pm,30,
PB33522-04-2023-01-02T15:23:00.000Z,2/1/2023 9:23am,PB33522-04,,1/12/2022,,2,2/1/2023,,9/1/2023 4:34pm,32,
PB33522-04-2023-01-03T14:31:00.000Z,3/1/2023 8:31am,PB33522-04,DDG 2,1/12/2022,,,,1,9/1/2023 4:34pm,33,
PB33522-04-2023-01-04T14:42:00.000Z,4/1/2023 8:42am,PB33522-04,DDG 2,1/12/2022,,,,1,9/1/2023 4:34pm,34,
PB33522-04-2023-01-05T15:15:00.000Z,5/1/2023 9:15am,PB33522-04,DDG 2,1/12/2022,,,,1,9/1/2023 4:34pm,35,
"PB33522-04, PB33422-04, PB33422-03, PB33622-04, PB33222-01-2023-01-07T06:00:00.000Z",7/1/2023 12:00am,"PB33522-04,PB33422-04,PB33422-03,PB33622-04,PB33222-01",DDG 2,"1/12/2022, 30/11/2022, 30/11/2022, 2/12/2022, 28/11/2022",,,,1,9/1/2023 1:18pm,NaN,
"PB33522-04, PB33522-01, PB34822-05-2023-01-11T15:03:00.000Z",11/1/2023 9:03am,"PB33522-04,PB33522-01,PB34822-05",,"1/12/2022, 1/12/2022, 14/12/2022",,2,,,11/1/2023 9:03am,NaN,
PB33622-01-2022-12-07T16:15:00.000Z,7/12/2022 10:15am,PB33622-01,P SOYA,2/12/2022,766.0,,,,9/1/2023 4:34pm,5,
PB33622-01-2022-12-08T15:56:00.000Z,8/12/2022 9:56am,PB33622-01,P SOYA,2/12/2022,,,,2,9/1/2023 4:34pm,6,
PB33622-01-2022-12-12T14:52:00.000Z,12/12/2022 8:52am,PB33622-01,P SOYA,2/12/2022,,,,2,9/1/2023 4:34pm,10,
PB33622-01-2022-12-13T15:05:00.000Z,13/12/2022 9:05am,PB33622-01,P SOYA,2/12/2022,,,,2,9/1/2023 4:34pm,11,
PB33622-01-2022-12-14T15:31:00.000Z,14/12/2022 9:31am,PB33622-01,P SOYA,2/12/2022,,,,2,9/1/2023 4:34pm,12,
PB33622-01-2022-12-16T14:58:00.000Z,16/12/2022 8:58am,PB33622-01,P SOYA,2/12/2022,,,,2,9/1/2023 4:34pm,14,
PB33622-01-2022-12-20T15:11:00.000Z,20/12/2022 9:11am,PB33622-01,P SOYA,2/12/2022,,,,2,9/1/2023 4:34pm,18,
PB33622-01-2022-12-21T15:07:00.000Z,21/12/2022 9:07am,PB33622-01,P SOYA,2/12/2022,,,,2,9/1/2023 4:34pm,19,
PB33622-01-2022-12-22T15:56:00.000Z,22/12/2022 9:56am,PB33622-01,P SOYA,2/12/2022,,,,2,9/1/2023 4:34pm,20,
PB33622-01-2022-12-22T16:01:00.000Z,22/12/2022 10:01am,PB33622-01,,2/12/2022,,2,22/12/2022,,9/1/2023 4:34pm,20,
PB33622-01-2022-12-28T15:06:00.000Z,28/12/2022 9:06am,PB33622-01,P SOYA,2/12/2022,,,,2,9/1/2023 4:34pm,26,
PB33622-01-2022-12-29T20:19:00.000Z,29/12/2022 2:19pm,PB33622-01,P SOYA,2/12/2022,,,,2,9/1/2023 4:34pm,27,
PB33622-01-2022-12-30T15:37:00.000Z,30/12/2022 9:37am,PB33622-01,P SOYA,2/12/2022,,,,3,9/1/2023 4:34pm,28,
PB33622-01-2023-01-02T15:36:00.000Z,2/1/2023 9:36am,PB33622-01,P SOYA,2/12/2022,,,,2,9/1/2023 4:34pm,31,
PB33622-01-2023-01-03T15:18:00.000Z,3/1/2023 9:18am,PB33622-01,P SOYA,2/12/2022,,,,2,9/1/2023 4:34pm,32,
PB33622-01-2023-01-03T15:20:00.000Z,3/1/2023 9:20am,PB33622-01,,2/12/2022,,2,3/1/2023,,9/1/2023 4:34pm,32,
PB33622-01-2023-01-04T14:51:00.000Z,4/1/2023 8:51am,PB33622-01,P SOYA,2/12/2022,,,,2,9/1/2023 4:34pm,33,
PB33622-01-2023-01-06T15:16:00.000Z,6/1/2023 9:16am,PB33622-01,P SOYA,2/12/2022,,,,2,9/1/2023 4:34pm,35,
PB33622-02-2022-12-07T16:17:00.000Z,7/12/2022 10:17am,PB33622-02,P SOYA,2/12/2022,800.0,,,,9/1/2023 4:34pm,5,
PB33622-02-2022-12-08T15:56:00.000Z,8/12/2022 9:56am,PB33622-02,P SOYA,2/12/2022,,,,2,9/1/2023 4:34pm,6,
PB33622-02-2022-12-12T14:52:00.000Z,12/12/2022 8:52am,PB33622-02,P SOYA,2/12/2022,,,,2,9/1/2023 4:34pm,10,
PB33622-02-2022-12-13T15:05:00.000Z,13/12/2022 9:05am,PB33622-02,P SOYA,2/12/2022,,,,2,9/1/2023 4:34pm,11,
PB33622-02-2022-12-14T15:31:00.000Z,14/12/2022 9:31am,PB33622-02,P SOYA,2/12/2022,,,,2,9/1/2023 4:34pm,12,
PB33622-02-2022-12-16T14:58:00.000Z,16/12/2022 8:58am,PB33622-02,P SOYA,2/12/2022,,,,2,9/1/2023 4:34pm,14,
PB33622-02-2022-12-20T15:11:00.000Z,20/12/2022 9:11am,PB33622-02,P SOYA,2/12/2022,,,,2,9/1/2023 4:34pm,18,
PB33622-02-2022-12-21T15:07:00.000Z,21/12/2022 9:07am,PB33622-02,P SOYA,2/12/2022,,,,2,9/1/2023 4:34pm,19,
PB33622-02-2022-12-22T15:56:00.000Z,22/12/2022 9:56am,PB33622-02,P SOYA,2/12/2022,,,,2,9/1/2023 4:34pm,20,
PB33622-02-2022-12-22T16:01:00.000Z,22/12/2022 10:01am,PB33622-02,,2/12/2022,,2,22/12/2022,,9/1/2023 4:34pm,20,
PB33622-02-2022-12-28T15:06:00.000Z,28/12/2022 9:06am,PB33622-02,P SOYA,2/12/2022,,,,2,9/1/2023 4:34pm,26,
PB33622-02-2022-12-29T20:19:00.000Z,29/12/2022 2:19pm,PB33622-02,P SOYA,2/12/2022,,,,2,9/1/2023 4:34pm,27,
PB33622-02-2022-12-30T15:37:00.000Z,30/12/2022 9:37am,PB33622-02,P SOYA,2/12/2022,,,,3,9/1/2023 4:34pm,28,
PB33622-02-2023-01-02T15:36:00.000Z,2/1/2023 9:36am,PB33622-02,P SOYA,2/12/2022,,,,2,9/1/2023 4:34pm,31,
PB33622-02-2023-01-03T15:18:00.000Z,3/1/2023 9:18am,PB33622-02,P SOYA,2/12/2022,,,,2,9/1/2023 4:34pm,32,
PB33622-02-2023-01-03T15:20:00.000Z,3/1/2023 9:20am,PB33622-02,,2/12/2022,,2,3/1/2023,,9/1/2023 4:34pm,32,
PB33622-02-2023-01-04T14:51:00.000Z,4/1/2023 8:51am,PB33622-02,P SOYA,2/12/2022,,,,2,9/1/2023 4:34pm,33,
PB33622-02-2023-01-06T15:16:00.000Z,6/1/2023 9:16am,PB33622-02,P SOYA,2/12/2022,,,,2,9/1/2023 4:34pm,35,
"PB33622-02, PB33622-01, PB34022-02, PB34022-01, PB34122-01-2023-01-10T15:24:00.000Z",10/1/2023 9:24am,"PB33622-02,PB33622-01,PB34022-02,PB34022-01,PB34122-01",P SOYA,"2/12/2022, 2/12/2022, 6/12/2022, 6/12/2022, 7/12/2022",,,,3,10/1/2023 9:24am,NaN,
"PB33622-02, PB33622-01, PB34022-02, PB34022-01, PB34122-01-2023-01-12T15:15:00.000Z",12/1/2023 9:15am,"PB33622-02,PB33622-01,PB34022-02,PB34022-01,PB34122-01",P SOYA,"2/12/2022, 2/12/2022, 6/12/2022, 6/12/2022, 7/12/2022",,,,2,12/1/2023 9:15am,NaN,
"PB33622-02, PB33622-01, PB34022-02, PB34122-01, PB34022-01-2023-01-11T15:28:00.000Z",11/1/2023 9:28am,"PB33622-02,PB33622-01,PB34022-02,PB34122-01,PB34022-01",P SOYA,"2/12/2022, 2/12/2022, 6/12/2022, 7/12/2022, 6/12/2022",,,,2,11/1/2023 9:29am,NaN,
PB33622-03-2022-12-07T17:31:00.000Z,7/12/2022 11:31am,PB33622-03,L69 3%,2/12/2022,76.0,,,,9/1/2023 4:34pm,5,
PB33622-03-2022-12-14T16:03:00.000Z,14/12/2022 10:03am,PB33622-03,,2/12/2022,,,,,9/1/2023 4:34pm,12,
PB33622-03-2022-12-15T14:35:00.000Z,15/12/2022 8:35am,PB33622-03,L69 3%,2/12/2022,,,,1,9/1/2023 4:34pm,13,
PB33622-03-2022-12-19T14:56:00.000Z,19/12/2022 8:56am,PB33622-03,L69 3%,2/12/2022,,,,1,9/1/2023 4:34pm,17,
PB33622-03-2022-12-20T14:36:00.000Z,20/12/2022 8:36am,PB33622-03,L69 3%,2/12/2022,,,,1,9/1/2023 4:34pm,18,
PB33622-03-2022-12-21T14:49:00.000Z,21/12/2022 8:49am,PB33622-03,L69 3%,2/12/2022,,,,1,9/1/2023 4:34pm,19,
PB33622-03-2022-12-23T17:32:00.000Z,23/12/2022 11:32am,PB33622-03,L69 3%,2/12/2022,,,,1,9/1/2023 4:34pm,21,
PB33622-03-2022-12-28T14:30:00.000Z,28/12/2022 8:30am,PB33622-03,L69 3%,2/12/2022,,,,1,9/1/2023 4:34pm,26,
PB33622-03-2022-12-29T14:25:00.000Z,29/12/2022 8:25am,PB33622-03,L69 3%,2/12/2022,,,,1,9/1/2023 4:34pm,27,
PB33622-03-2022-12-30T14:45:00.000Z,30/12/2022 8:45am,PB33622-03,L69 3%,2/12/2022,,,,1,9/1/2023 4:34pm,28,
PB33622-03-2022-12-31T14:24:00.000Z,31/12/2022 8:24am,PB33622-03,L69 3%,2/12/2022,,,,1,9/1/2023 4:34pm,29,
PB33622-03-2023-01-02T14:56:00.000Z,2/1/2023 8:56am,PB33622-03,L69 3%,2/12/2022,,,,1,9/1/2023 4:34pm,31,
PB33622-03-2023-01-02T15:23:00.000Z,2/1/2023 9:23am,PB33622-03,,2/12/2022,,2,2/1/2023,,9/1/2023 4:34pm,31,
PB33622-03-2023-01-03T14:33:00.000Z,3/1/2023 8:33am,PB33622-03,L69 3%,2/12/2022,,,,1,9/1/2023 4:34pm,32,
PB33622-03-2023-01-04T14:33:00.000Z,4/1/2023 8:33am,PB33622-03,L69 3%,2/12/2022,,,,1,9/1/2023 4:34pm,33,
PB33622-03-2023-01-05T15:05:00.000Z,5/1/2023 9:05am,PB33622-03,L69 3%,2/12/2022,,,,1,9/1/2023 4:34pm,34,
PB33622-03-2023-01-05T15:07:00.000Z,5/1/2023 9:07am,PB33622-03,L69 3%,2/12/2022,,,,1,9/1/2023 4:34pm,34,
PB33622-03-2023-01-06T14:49:00.000Z,6/1/2023 8:49am,PB33622-03,L69 3%,2/12/2022,,,,1,9/1/2023 4:34pm,35,
PB33622-03-2023-01-09T06:00:00.000Z,9/1/2023 12:00am,PB33622-03,L69 3%,2/12/2022,,,,1,9/1/2023 8:56am,38,
"PB33622-03, PB34222-02, PB33522-02-2023-01-10T15:22:00.000Z",10/1/2023 9:22am,"PB33622-03,PB34222-02,PB33522-02",L69 3%,"2/12/2022, 8/12/2022, 1/12/2022",,,,1,10/1/2023 9:22am,NaN,
"PB33622-03, PB34222-02, PB33522-02-2023-01-11T14:41:00.000Z",11/1/2023 8:41am,"PB33622-03,PB34222-02,PB33522-02",L69 3%,"2/12/2022, 8/12/2022, 1/12/2022",,,,1,11/1/2023 8:41am,NaN,
"PB33622-04, PB33422-04, PB34222-03, PB33522-04-2023-01-09T06:00:00.000Z",9/1/2023 12:00am,"PB33622-04,PB33422-04,PB34222-03,PB33522-04",DDG 2,"2/12/2022, 30/11/2022, 8/12/2022, 1/12/2022",,,,1,9/1/2023 3:38pm,NaN,
"PB33622-04, PB33522-04, PB34222-03-2023-01-11T15:01:00.000Z",11/1/2023 9:01am,"PB33622-04,PB33522-04,PB34222-03",DDG 2,"2/12/2022, 1/12/2022, 8/12/2022",,,,1,11/1/2023 9:01am,NaN,
PB33722-01-2022-12-07T17:33:00.000Z,7/12/2022 11:33am,PB33722-01,DDG 2,3/12/2022,1500.0,,,,9/1/2023 4:34pm,4,
PB33722-01-2022-12-12T14:54:00.000Z,12/12/2022 8:54am,PB33722-01,DDG 2,3/12/2022,,,,2,9/1/2023 4:34pm,9,
PB33722-01-2022-12-13T15:06:00.000Z,13/12/2022 9:06am,PB33722-01,DDG 2,3/12/2022,,,,2,9/1/2023 4:34pm,10,
PB33722-01-2022-12-14T15:32:00.000Z,14/12/2022 9:32am,PB33722-01,DDG 2,3/12/2022,,,,2,9/1/2023 4:34pm,11,
PB33722-01-2022-12-15T15:02:00.000Z,15/12/2022 9:02am,PB33722-01,DDG 2,3/12/2022,,,,2,9/1/2023 4:34pm,12,
PB33722-01-2022-12-16T14:59:00.000Z,16/12/2022 8:59am,PB33722-01,DDG 2,3/12/2022,,,,2,9/1/2023 4:34pm,13,
PB33722-01-2022-12-23T17:46:00.000Z,23/12/2022 11:46am,PB33722-01,P SOYA,3/12/2022,,,,3,9/1/2023 4:34pm,20,
PB33722-01-2022-12-23T22:38:00.000Z,23/12/2022 4:38pm,PB33722-01,,3/12/2022,,3,23/12/2022,,9/1/2023 4:34pm,20,
PB33722-01-2022-12-28T15:03:00.000Z,28/12/2022 9:03am,PB33722-01,P SOYA,3/12/2022,,,,4,9/1/2023 4:34pm,25,
PB33722-01-2022-12-29T20:16:00.000Z,29/12/2022 2:16pm,PB33722-01,P SOYA,3/12/2022,,,,6,9/1/2023 4:34pm,26,
PB33722-01-2022-12-30T15:38:00.000Z,30/12/2022 9:38am,PB33722-01,P SOYA,3/12/2022,,,,6,9/1/2023 4:34pm,27,
PB33722-01-2023-01-04T14:52:00.000Z,4/1/2023 8:52am,PB33722-01,P SOYA,3/12/2022,,,,6,9/1/2023 4:34pm,32,
PB33722-01-2023-01-06T15:14:00.000Z,6/1/2023 9:14am,PB33722-01,P SOYA,3/12/2022,,,,6,9/1/2023 4:34pm,34,
PB33722-01-2023-01-13T15:01:00.000Z,13/1/2023 9:01am,PB33722-01,P SOYA,3/12/2022,,,,6,13/1/2023 9:01am,41,
PB34022-01-2022-12-07T17:39:00.000Z,7/12/2022 11:39am,PB34022-01,DDG 1,6/12/2022,580.0,,,,9/1/2023 4:34pm,1,
PB34022-01-2022-12-09T15:15:00.000Z,9/12/2022 9:15am,PB34022-01,DDG 1,6/12/2022,,,,2,9/1/2023 4:34pm,3,
PB34022-01-2022-12-12T14:55:00.000Z,12/12/2022 8:55am,PB34022-01,DDG 1,6/12/2022,,,,2,9/1/2023 4:34pm,6,
PB34022-01-2022-12-13T15:07:00.000Z,13/12/2022 9:07am,PB34022-01,DDG 1,6/12/2022,,,,2,9/1/2023 4:34pm,7,
PB34022-01-2022-12-14T15:33:00.000Z,14/12/2022 9:33am,PB34022-01,DDG 1,6/12/2022,,,,2,9/1/2023 4:34pm,8,
PB34022-01-2022-12-16T14:59:00.000Z,16/12/2022 8:59am,PB34022-01,DDG 1,6/12/2022,,,,2,9/1/2023 4:34pm,10,
PB34022-01-2022-12-19T15:03:00.000Z,19/12/2022 9:03am,PB34022-01,DDG 1,6/12/2022,,,,2,9/1/2023 4:34pm,13,
PB34022-01-2022-12-20T15:11:00.000Z,20/12/2022 9:11am,PB34022-01,DDG 1,6/12/2022,,,,2,9/1/2023 4:34pm,14,
PB34022-01-2022-12-21T15:07:00.000Z,21/12/2022 9:07am,PB34022-01,P SOYA,6/12/2022,,,,2,9/1/2023 4:34pm,15,
PB34022-01-2022-12-22T15:56:00.000Z,22/12/2022 9:56am,PB34022-01,P SOYA,6/12/2022,,,,2,9/1/2023 4:34pm,16,
PB34022-01-2022-12-23T18:05:00.000Z,23/12/2022 12:05pm,PB34022-01,,6/12/2022,,3,23/12/2022,,9/1/2023 4:34pm,17,
PB34022-01-2022-12-28T15:06:00.000Z,28/12/2022 9:06am,PB34022-01,P SOYA,6/12/2022,,,,2,9/1/2023 4:34pm,22,
PB34022-01-2022-12-29T20:19:00.000Z,29/12/2022 2:19pm,PB34022-01,P SOYA,6/12/2022,,,,2,9/1/2023 4:34pm,23,
PB34022-01-2022-12-30T15:37:00.000Z,30/12/2022 9:37am,PB34022-01,P SOYA,6/12/2022,,,,3,9/1/2023 4:34pm,24,
PB34022-01-2022-12-30T15:40:00.000Z,30/12/2022 9:40am,PB34022-01,,6/12/2022,,2,30/12/2022,,9/1/2023 4:34pm,24,
PB34022-01-2023-01-02T15:36:00.000Z,2/1/2023 9:36am,PB34022-01,P SOYA,6/12/2022,,,,2,9/1/2023 4:34pm,27,
PB34022-01-2023-01-03T15:18:00.000Z,3/1/2023 9:18am,PB34022-01,P SOYA,6/12/2022,,,,2,9/1/2023 4:34pm,28,
PB34022-01-2023-01-04T14:51:00.000Z,4/1/2023 8:51am,PB34022-01,P SOYA,6/12/2022,,,,2,9/1/2023 4:34pm,29,
PB34022-01-2023-01-06T15:16:00.000Z,6/1/2023 9:16am,PB34022-01,P SOYA,6/12/2022,,,,2,9/1/2023 4:34pm,31,
"PB34022-01, PB34022-02, PB34122-01-2023-01-16T15:51:00.000Z",16/1/2023 9:51am,"PB34022-01,PB34022-02,PB34122-01",P SOYA,"6/12/2022, 6/12/2022, 7/12/2022",,,,2,16/1/2023 9:51am,NaN,
PB34022-02-2022-12-07T17:44:00.000Z,7/12/2022 11:44am,PB34022-02,DDG 1,6/12/2022,766.0,,,,9/1/2023 4:34pm,1,
PB34022-02-2022-12-09T15:15:00.000Z,9/12/2022 9:15am,PB34022-02,DDG 1,6/12/2022,,,,2,9/1/2023 4:34pm,3,
PB34022-02-2022-12-12T14:55:00.000Z,12/12/2022 8:55am,PB34022-02,DDG 1,6/12/2022,,,,2,9/1/2023 4:34pm,6,
PB34022-02-2022-12-14T15:33:00.000Z,14/12/2022 9:33am,PB34022-02,DDG 1,6/12/2022,,,,2,9/1/2023 4:34pm,8,
PB34022-02-2022-12-16T14:59:00.000Z,16/12/2022 8:59am,PB34022-02,DDG 1,6/12/2022,,,,2,9/1/2023 4:34pm,10,
PB34022-02-2022-12-19T15:03:00.000Z,19/12/2022 9:03am,PB34022-02,DDG 1,6/12/2022,,,,2,9/1/2023 4:34pm,13,
PB34022-02-2022-12-20T15:11:00.000Z,20/12/2022 9:11am,PB34022-02,DDG 1,6/12/2022,,,,2,9/1/2023 4:34pm,14,
PB34022-02-2022-12-21T15:07:00.000Z,21/12/2022 9:07am,PB34022-02,P SOYA,6/12/2022,,,,2,9/1/2023 4:34pm,15,
PB34022-02-2022-12-22T15:56:00.000Z,22/12/2022 9:56am,PB34022-02,P SOYA,6/12/2022,,,,2,9/1/2023 4:34pm,16,
PB34022-02-2022-12-22T16:01:00.000Z,22/12/2022 10:01am,PB34022-02,,6/12/2022,,2,22/12/2022,,9/1/2023 4:34pm,16,
PB34022-02-2022-12-28T15:06:00.000Z,28/12/2022 9:06am,PB34022-02,P SOYA,6/12/2022,,,,2,9/1/2023 4:34pm,22,
PB34022-02-2022-12-29T20:19:00.000Z,29/12/2022 2:19pm,PB34022-02,P SOYA,6/12/2022,,,,2,9/1/2023 4:34pm,23,
PB34022-02-2022-12-30T15:37:00.000Z,30/12/2022 9:37am,PB34022-02,P SOYA,6/12/2022,,,,3,9/1/2023 4:34pm,24,
PB34022-02-2022-12-30T15:40:00.000Z,30/12/2022 9:40am,PB34022-02,,6/12/2022,,2,30/12/2022,,9/1/2023 4:34pm,24,
PB34022-02-2023-01-02T15:36:00.000Z,2/1/2023 9:36am,PB34022-02,P SOYA,6/12/2022,,,,2,9/1/2023 4:34pm,27,
PB34022-02-2023-01-03T15:18:00.000Z,3/1/2023 9:18am,PB34022-02,P SOYA,6/12/2022,,,,2,9/1/2023 4:34pm,28,
PB34022-02-2023-01-04T14:51:00.000Z,4/1/2023 8:51am,PB34022-02,P SOYA,6/12/2022,,,,2,9/1/2023 4:34pm,29,
PB34022-02-2023-01-06T15:16:00.000Z,6/1/2023 9:16am,PB34022-02,P SOYA,6/12/2022,,,,2,9/1/2023 4:34pm,31,
PB34122-01-2022-12-08T15:11:00.000Z,8/12/2022 9:11am,PB34122-01,DDG 1,7/12/2022,766.0,,,,9/1/2023 4:34pm,1,
PB34122-01-2022-12-08T15:56:00.000Z,8/12/2022 9:56am,PB34122-01,P SOYA,7/12/2022,,,,2,9/1/2023 4:34pm,1,
PB34122-01-2022-12-12T14:52:00.000Z,12/12/2022 8:52am,PB34122-01,P SOYA,7/12/2022,,,,2,9/1/2023 4:34pm,5,
PB34122-01-2022-12-13T15:05:00.000Z,13/12/2022 9:05am,PB34122-01,P SOYA,7/12/2022,,,,2,9/1/2023 4:34pm,6,
PB34122-01-2022-12-14T15:31:00.000Z,14/12/2022 9:31am,PB34122-01,P SOYA,7/12/2022,,,,2,9/1/2023 4:34pm,7,
PB34122-01-2022-12-15T15:02:00.000Z,15/12/2022 9:02am,PB34122-01,P SOYA,7/12/2022,,,,2,9/1/2023 4:34pm,8,
PB34122-01-2022-12-16T14:58:00.000Z,16/12/2022 8:58am,PB34122-01,P SOYA,7/12/2022,,,,2,9/1/2023 4:34pm,9,
PB34122-01-2022-12-20T15:11:00.000Z,20/12/2022 9:11am,PB34122-01,P SOYA,7/12/2022,,,,2,9/1/2023 4:34pm,13,
PB34122-01-2022-12-21T15:07:00.000Z,21/12/2022 9:07am,PB34122-01,P SOYA,7/12/2022,,,,2,9/1/2023 4:34pm,14,
PB34122-01-2022-12-22T15:56:00.000Z,22/12/2022 9:56am,PB34122-01,P SOYA,7/12/2022,,,,2,9/1/2023 4:34pm,15,
PB34122-01-2022-12-23T17:57:00.000Z,23/12/2022 11:57am,PB34122-01,,7/12/2022,,3,23/12/2022,,9/1/2023 4:34pm,16,
PB34122-01-2022-12-28T15:06:00.000Z,28/12/2022 9:06am,PB34122-01,P SOYA,7/12/2022,,,,2,9/1/2023 4:34pm,21,
PB34122-01-2022-12-29T20:19:00.000Z,29/12/2022 2:19pm,PB34122-01,P SOYA,7/12/2022,,,,2,9/1/2023 4:34pm,22,
PB34122-01-2022-12-30T15:37:00.000Z,30/12/2022 9:37am,PB34122-01,P SOYA,7/12/2022,,,,3,9/1/2023 4:34pm,23,
PB34122-01-2022-12-30T15:40:00.000Z,30/12/2022 9:40am,PB34122-01,,7/12/2022,,2,30/12/2022,,9/1/2023 4:34pm,23,
PB34122-01-2023-01-02T15:36:00.000Z,2/1/2023 9:36am,PB34122-01,P SOYA,7/12/2022,,,,2,9/1/2023 4:34pm,26,
PB34122-01-2023-01-03T15:18:00.000Z,3/1/2023 9:18am,PB34122-01,P SOYA,7/12/2022,,,,2,9/1/2023 4:34pm,27,
PB34122-01-2023-01-04T14:51:00.000Z,4/1/2023 8:51am,PB34122-01,P SOYA,7/12/2022,,,,2,9/1/2023 4:34pm,28,
PB34122-01-2023-01-06T15:16:00.000Z,6/1/2023 9:16am,PB34122-01,P SOYA,7/12/2022,,,,2,9/1/2023 4:34pm,30,
"PB34122-01, PB34022-02, PB34022-01-2023-01-13T15:02:00.000Z",13/1/2023 9:02am,"PB34122-01,PB34022-02,PB34022-01",P SOYA,"7/12/2022, 6/12/2022, 6/12/2022",,,,2,13/1/2023 9:02am,NaN,
PB34222-01-2022-12-09T16:13:00.000Z,9/12/2022 10:13am,PB34222-01,L69 1%,8/12/2022,76.0,,,,9/1/2023 4:34pm,1,
PB34222-01-2022-12-20T18:19:00.000Z,20/12/2022 12:19pm,PB34222-01,,8/12/2022,,,,,9/1/2023 4:34pm,12,
PB34222-01-2022-12-23T17:30:00.000Z,23/12/2022 11:30am,PB34222-01,L69 1%,8/12/2022,,,,1,9/1/2023 4:34pm,15,
PB34222-01-2022-12-27T14:37:00.000Z,27/12/2022 8:37am,PB34222-01,L69 1%,8/12/2022,,,,1,9/1/2023 4:34pm,19,
PB34222-01-2022-12-28T14:31:00.000Z,28/12/2022 8:31am,PB34222-01,L69 1%,8/12/2022,,,,1,9/1/2023 4:34pm,20,
PB34222-01-2022-12-29T14:26:00.000Z,29/12/2022 8:26am,PB34222-01,L69 1%,8/12/2022,,,,1,9/1/2023 4:34pm,21,
PB34222-01-2022-12-30T14:46:00.000Z,30/12/2022 8:46am,PB34222-01,L69 1%,8/12/2022,,,,1,9/1/2023 4:34pm,22,
PB34222-01-2022-12-31T14:25:00.000Z,31/12/2022 8:25am,PB34222-01,L69 1%,8/12/2022,,,,1,9/1/2023 4:34pm,23,
PB34222-01-2023-01-02T14:58:00.000Z,2/1/2023 8:58am,PB34222-01,L69 1%,8/12/2022,,,,1,9/1/2023 4:34pm,25,
PB34222-01-2023-01-03T14:34:00.000Z,3/1/2023 8:34am,PB34222-01,L69 1%,8/12/2022,,,,1,9/1/2023 4:34pm,26,
PB34222-01-2023-01-04T14:34:00.000Z,4/1/2023 8:34am,PB34222-01,L69 1%,8/12/2022,,,,1,9/1/2023 4:34pm,27,
PB34222-01-2023-01-05T15:08:00.000Z,5/1/2023 9:08am,PB34222-01,L69 1%,8/12/2022,,,,1,9/1/2023 4:34pm,28,
PB34222-01-2023-01-05T15:37:00.000Z,5/1/2023 9:37am,PB34222-01,,8/12/2022,,2,5/1/2023,,9/1/2023 4:34pm,28,
PB34222-01-2023-01-06T14:50:00.000Z,6/1/2023 8:50am,PB34222-01,L69 1%,8/12/2022,,,,1,9/1/2023 4:34pm,29,
PB34222-01-2023-01-09T06:00:00.000Z,9/1/2023 12:00am,PB34222-01,L69 1%,8/12/2022,,,,1,9/1/2023 8:58am,32,
PB34222-01-2023-01-12T20:54:00.000Z,12/1/2023 2:54pm,PB34222-01,L69 1%,8/12/2022,,,,1,12/1/2023 2:54pm,35,
PB34222-01-2023-01-13T14:50:00.000Z,13/1/2023 8:50am,PB34222-01,L69 1%,8/12/2022,,,,1,13/1/2023 8:50am,36,
"PB34222-01, PB33422-01, PB33522-01-2023-01-07T06:00:00.000Z",7/1/2023 12:00am,"PB34222-01,PB33422-01,PB33522-01",L69 1%,"8/12/2022, 30/11/2022, 1/12/2022",,,,1,9/1/2023 1:20pm,NaN,
"PB34222-01, PB33522-01-2023-01-11T14:42:00.000Z",11/1/2023 8:42am,"PB34222-01,PB33522-01",L69 1%,"8/12/2022, 1/12/2022",,,,1,11/1/2023 8:42am,NaN,
PB34222-02-2022-12-09T17:30:00.000Z,9/12/2022 11:30am,PB34222-02,L69 3%,8/12/2022,76.0,,,,9/1/2023 4:34pm,1,
PB34222-02-2022-12-23T17:32:00.000Z,23/12/2022 11:32am,PB34222-02,L69 3%,8/12/2022,,,,1,9/1/2023 4:34pm,15,
PB34222-02-2022-12-24T16:50:00.000Z,24/12/2022 10:50am,PB34222-02,L69 3%,8/12/2022,,,,1,9/1/2023 4:34pm,16,
PB34222-02-2022-12-27T14:40:00.000Z,27/12/2022 8:40am,PB34222-02,L69 3%,8/12/2022,,,,1,9/1/2023 4:34pm,19,
PB34222-02-2022-12-28T14:30:00.000Z,28/12/2022 8:30am,PB34222-02,L69 3%,8/12/2022,,,,1,9/1/2023 4:34pm,20,
PB34222-02-2022-12-29T14:25:00.000Z,29/12/2022 8:25am,PB34222-02,L69 3%,8/12/2022,,,,1,9/1/2023 4:34pm,21,
PB34222-02-2022-12-30T14:45:00.000Z,30/12/2022 8:45am,PB34222-02,L69 3%,8/12/2022,,,,1,9/1/2023 4:34pm,22,
PB34222-02-2022-12-31T14:24:00.000Z,31/12/2022 8:24am,PB34222-02,L69 3%,8/12/2022,,,,1,9/1/2023 4:34pm,23,
PB34222-02-2023-01-02T14:56:00.000Z,2/1/2023 8:56am,PB34222-02,L69 3%,8/12/2022,,,,1,9/1/2023 4:34pm,25,
PB34222-02-2023-01-02T15:23:00.000Z,2/1/2023 9:23am,PB34222-02,,8/12/2022,,2,2/1/2023,,9/1/2023 4:34pm,25,
PB34222-02-2023-01-03T14:33:00.000Z,3/1/2023 8:33am,PB34222-02,L69 3%,8/12/2022,,,,1,9/1/2023 4:34pm,26,
PB34222-02-2023-01-04T14:33:00.000Z,4/1/2023 8:33am,PB34222-02,L69 3%,8/12/2022,,,,1,9/1/2023 4:34pm,27,
PB34222-02-2023-01-05T15:05:00.000Z,5/1/2023 9:05am,PB34222-02,L69 3%,8/12/2022,,,,1,9/1/2023 4:34pm,28,
PB34222-02-2023-01-05T15:07:00.000Z,5/1/2023 9:07am,PB34222-02,L69 3%,8/12/2022,,,,1,9/1/2023 4:34pm,28,
PB34222-02-2023-01-06T14:49:00.000Z,6/1/2023 8:49am,PB34222-02,L69 3%,8/12/2022,,,,1,9/1/2023 4:34pm,29,
PB34222-02-2023-01-09T06:00:00.000Z,9/1/2023 12:00am,PB34222-02,L69 3%,8/12/2022,,,,1,9/1/2023 8:57am,32,
PB34222-02-2023-01-13T14:49:00.000Z,13/1/2023 8:49am,PB34222-02,L69 3%,8/12/2022,,,,1,13/1/2023 8:49am,36,
"PB34222-02, PB33622-03-2023-01-12T20:54:00.000Z",12/1/2023 2:54pm,"PB34222-02,PB33622-03",L69 3%,"8/12/2022, 2/12/2022",,,,1,12/1/2023 2:55pm,NaN,
PB34222-03-2022-12-09T17:54:00.000Z,9/12/2022 11:54am,PB34222-03,DDG 2,8/12/2022,76.0,,,,9/1/2023 4:34pm,1,
PB34222-03-2022-12-20T18:25:00.000Z,20/12/2022 12:25pm,PB34222-03,,8/12/2022,,,,,9/1/2023 4:34pm,12,
PB34222-03-2022-12-20T18:28:00.000Z,20/12/2022 12:28pm,PB34222-03,,8/12/2022,,,,,9/1/2023 4:34pm,12,
PB34222-03-2022-12-23T17:40:00.000Z,23/12/2022 11:40am,PB34222-03,DDG 2,8/12/2022,,,,1,9/1/2023 4:34pm,15,
PB34222-03-2022-12-24T16:30:00.000Z,24/12/2022 10:30am,PB34222-03,DDG 2,8/12/2022,,,,0.5,9/1/2023 4:34pm,16,
PB34222-03-2022-12-27T14:35:00.000Z,27/12/2022 8:35am,PB34222-03,DDG 2,8/12/2022,,,,1,9/1/2023 4:34pm,19,
PB34222-03-2022-12-29T14:30:00.000Z,29/12/2022 8:30am,PB34222-03,DDG 2,8/12/2022,,,,1,9/1/2023 4:34pm,21,
PB34222-03-2022-12-30T14:41:00.000Z,30/12/2022 8:41am,PB34222-03,DDG 2,8/12/2022,,,,1,9/1/2023 4:34pm,22,
PB34222-03-2022-12-31T14:23:00.000Z,31/12/2022 8:23am,PB34222-03,DDG 2,8/12/2022,,,,1,9/1/2023 4:34pm,23,
PB34222-03-2023-01-03T14:31:00.000Z,3/1/2023 8:31am,PB34222-03,DDG 2,8/12/2022,,,,1,9/1/2023 4:34pm,26,
PB34222-03-2023-01-04T14:42:00.000Z,4/1/2023 8:42am,PB34222-03,DDG 2,8/12/2022,,,,1,9/1/2023 4:34pm,27,
PB34222-03-2023-01-05T15:15:00.000Z,5/1/2023 9:15am,PB34222-03,DDG 2,8/12/2022,,,,1,9/1/2023 4:34pm,28,
PB34222-03-2023-01-05T15:37:00.000Z,5/1/2023 9:37am,PB34222-03,,8/12/2022,,2,5/1/2023,,9/1/2023 4:34pm,28,
PB34222-03-2023-01-06T15:03:00.000Z,6/1/2023 9:03am,PB34222-03,DDG 2,8/12/2022,,,,1,9/1/2023 4:34pm,29,
PB34222-03-2023-01-13T14:40:00.000Z,13/1/2023 8:40am,PB34222-03,DDG 2,8/12/2022,,2,,1,13/1/2023 8:41am,36,
PB34222-04-2022-12-09T18:02:00.000Z,9/12/2022 12:02pm,PB34222-04,P SOYA,8/12/2022,1000.0,,,,9/1/2023 4:34pm,1,
PB34222-04-2022-12-16T19:42:00.000Z,16/12/2022 1:42pm,PB34222-04,P SOYA,8/12/2022,,,,3,9/1/2023 4:34pm,8,
PB34222-05-2022-12-09T18:03:00.000Z,9/12/2022 12:03pm,PB34222-05,P SOYA,8/12/2022,1600.0,,,,9/1/2023 4:34pm,1,
PB34222-05-2022-12-16T19:42:00.000Z,16/12/2022 1:42pm,PB34222-05,P SOYA,8/12/2022,,,,3,9/1/2023 4:34pm,8,
PB34822-01-2022-12-14T22:36:00.000Z,14/12/2022 4:36pm,PB34822-01,AJ1,14/12/2022,76.0,,,,9/1/2023 4:34pm,0,
PB34822-01-2022-12-28T21:43:00.000Z,28/12/2022 3:43pm,PB34822-01,,14/12/2022,,,,,9/1/2023 4:34pm,14,
PB34822-01-2023-01-02T15:01:00.000Z,2/1/2023 9:01am,PB34822-01,AJ1,14/12/2022,,,,1,9/1/2023 4:34pm,19,
PB34822-01-2023-01-04T14:37:00.000Z,4/1/2023 8:37am,PB34822-01,AJ1,14/12/2022,,,,1,9/1/2023 4:34pm,21,
PB34822-01-2023-01-06T15:00:00.000Z,6/1/2023 9:00am,PB34822-01,AJ1,14/12/2022,,,,1,9/1/2023 4:34pm,23,
"PB34822-01, PB35022-01, PB35622-01-2023-01-09T06:00:00.000Z",9/1/2023 12:00am,"PB34822-01,PB35022-01,PB35622-01",AJ1,"14/12/2022, 16/12/2022, 22/12/2022",,,,,9/1/2023 3:34pm,NaN,
"PB34822-01, PB35022-01, PB35622-01-2023-01-10T15:17:00.000Z",10/1/2023 9:17am,"PB34822-01,PB35022-01,PB35622-01",AJ1,"14/12/2022, 16/12/2022, 22/12/2022",,,,1,10/1/2023 9:17am,NaN,
"PB34822-01, PB35022-01, PB35622-01-2023-01-11T14:51:00.000Z",11/1/2023 8:51am,"PB34822-01,PB35022-01,PB35622-01",AJ1,"14/12/2022, 16/12/2022, 22/12/2022",,,,1,11/1/2023 8:54am,NaN,
"PB34822-01, PB35022-01, PB35622-01-2023-01-12T15:05:00.000Z",12/1/2023 9:05am,"PB34822-01,PB35022-01,PB35622-01",AJ1,"14/12/2022, 16/12/2022, 22/12/2022",,,,1,12/1/2023 9:05am,NaN,
"PB34822-01, PB35022-01, PB35622-01-2023-01-13T14:45:00.000Z",13/1/2023 8:45am,"PB34822-01,PB35022-01,PB35622-01",AJ1,"14/12/2022, 16/12/2022, 22/12/2022",,,,1,13/1/2023 8:45am,NaN,
"PB34822-01, PB35022-01, PB35622-01-2023-01-16T15:46:00.000Z",16/1/2023 9:46am,"PB34822-01,PB35022-01,PB35622-01",AJ1,"14/12/2022, 16/12/2022, 22/12/2022",,,,1,16/1/2023 9:46am,NaN,
"PB34822-01, PB35022-01, PB35622-01-2023-01-17T14:20:00.000Z",17/1/2023 8:20am,"PB34822-01,PB35022-01,PB35622-01",AJ1,"14/12/2022, 16/12/2022, 22/12/2022",,,,1,17/1/2023 8:20am,NaN,
"PB34822-01, PB35022-01, PB35622-01-2023-01-18T14:25:00.000Z",18/1/2023 8:25am,"PB34822-01,PB35022-01,PB35622-01",AJ1,"14/12/2022, 16/12/2022, 22/12/2022",,,,1,18/1/2023 8:26am,NaN,
"PB34822-01, PB35022-01, PB35622-01-2023-01-20T14:29:00.000Z",20/1/2023 8:29am,"PB34822-01,PB35022-01,PB35622-01",AJ1,"14/12/2022, 16/12/2022, 22/12/2022",,,,1,20/1/2023 8:30am,NaN,
"PB34822-01, PB35022-01, PB35622-01-2023-01-23T14:35:00.000Z",23/1/2023 8:35am,"PB34822-01,PB35022-01,PB35622-01",AJ1,"14/12/2022, 16/12/2022, 22/12/2022",,,,1,23/1/2023 8:35am,NaN,
"PB34822-01, PB35022-01, PB35622-01-2023-01-24T14:26:00.000Z",24/1/2023 8:26am,"PB34822-01,PB35022-01,PB35622-01",AJ1,"14/12/2022, 16/12/2022, 22/12/2022",,,,1,24/1/2023 8:26am,NaN,
"PB34822-01, PB35022-04, PB34822-04, PB34222-02-2023-01-13T14:55:00.000Z",13/1/2023 8:55am,"PB34822-01,PB35022-04,PB34822-04,PB34222-02",,"14/12/2022, 16/12/2022, 14/12/2022, 8/12/2022",,2,,,13/1/2023 8:55am,NaN,
PB34822-02-2022-12-14T22:37:00.000Z,14/12/2022 4:37pm,PB34822-02,AJ2,14/12/2022,76.0,,,,9/1/2023 4:34pm,0,
PB34822-02-2022-12-28T22:13:00.000Z,28/12/2022 4:13pm,PB34822-02,,14/12/2022,,,,,9/1/2023 4:34pm,14,
PB34822-02-2023-01-02T15:04:00.000Z,2/1/2023 9:04am,PB34822-02,AJ2,14/12/2022,,,,1,9/1/2023 4:34pm,19,
PB34822-02-2023-01-04T14:40:00.000Z,4/1/2023 8:40am,PB34822-02,AJ2,14/12/2022,,,,1,9/1/2023 4:34pm,21,
PB34822-02-2023-01-05T15:12:00.000Z,5/1/2023 9:12am,PB34822-02,AJ2,14/12/2022,,,,1,9/1/2023 4:34pm,22,
PB34822-02-2023-01-06T15:01:00.000Z,6/1/2023 9:01am,PB34822-02,AJ2,14/12/2022,,,,1,9/1/2023 4:34pm,23,
PB34822-02-2023-01-07T06:00:00.000Z,7/1/2023 12:00am,PB34822-02,AJ2,14/12/2022,,,,1,9/1/2023 1:18pm,24,
"PB34822-02, PB34822-03-2023-01-10T15:13:00.000Z",10/1/2023 9:13am,"PB34822-02,PB34822-03",,"14/12/2022, 14/12/2022",,2,,,10/1/2023 9:13am,NaN,
"PB34822-02, PB35022-02, PB35622-02-2023-01-16T15:47:00.000Z",16/1/2023 9:47am,"PB34822-02,PB35022-02,PB35622-02",AJ2,"14/12/2022, 16/12/2022, 22/12/2022",,,,1,16/1/2023 9:48am,NaN,
"PB34822-02, PB35022-02, PB35622-02-2023-01-20T14:30:00.000Z",20/1/2023 8:30am,"PB34822-02,PB35022-02,PB35622-02",AJ2,"14/12/2022, 16/12/2022, 22/12/2022",,,,1,20/1/2023 8:31am,NaN,
"PB34822-02, PB35622-02, PB35022-02-2023-01-09T06:00:00.000Z",9/1/2023 12:00am,"PB34822-02,PB35622-02,PB35022-02",AJ2,"14/12/2022, 22/12/2022, 16/12/2022",,,,1,9/1/2023 3:35pm,NaN,
"PB34822-02, PB35622-02, PB35022-02-2023-01-11T14:55:00.000Z",11/1/2023 8:55am,"PB34822-02,PB35622-02,PB35022-02",AJ2,"14/12/2022, 22/12/2022, 16/12/2022",,,,1,11/1/2023 8:55am,NaN,
"PB34822-02, PB35622-02, PB35022-02-2023-01-12T15:06:00.000Z",12/1/2023 9:06am,"PB34822-02,PB35622-02,PB35022-02",AJ2,"14/12/2022, 22/12/2022, 16/12/2022",,,,1,12/1/2023 9:06am,NaN,
"PB34822-02, PB35622-02, PB35022-02-2023-01-18T14:26:00.000Z",18/1/2023 8:26am,"PB34822-02,PB35622-02,PB35022-02",AJ2,"14/12/2022, 22/12/2022, 16/12/2022",,,,1,18/1/2023 8:27am,NaN,
PB34822-03-2022-12-14T22:37:00.000Z,14/12/2022 4:37pm,PB34822-03,AJ3,14/12/2022,76.0,,,,9/1/2023 4:34pm,0,
PB34822-03-2022-12-28T21:45:00.000Z,28/12/2022 3:45pm,PB34822-03,,14/12/2022,,,,,9/1/2023 4:34pm,14,
PB34822-03-2023-01-02T15:00:00.000Z,2/1/2023 9:00am,PB34822-03,AJ3,14/12/2022,,,,1,9/1/2023 4:34pm,19,
PB34822-03-2023-01-04T14:39:00.000Z,4/1/2023 8:39am,PB34822-03,AJ3,14/12/2022,,,,1,9/1/2023 4:34pm,21,
PB34822-03-2023-01-05T15:11:00.000Z,5/1/2023 9:11am,PB34822-03,AJ3,14/12/2022,,,,1,9/1/2023 4:34pm,22,
PB34822-03-2023-01-06T14:59:00.000Z,6/1/2023 8:59am,PB34822-03,AJ3,14/12/2022,,,,1,9/1/2023 4:34pm,23,
PB34822-03-2023-01-07T06:00:00.000Z,7/1/2023 12:00am,PB34822-03,AJ3,14/12/2022,,,,1,9/1/2023 1:19pm,24,
"PB34822-03, PB35022-03, PB35622-03-2023-01-09T06:00:00.000Z",9/1/2023 12:00am,"PB34822-03,PB35022-03,PB35622-03",AJ3,"14/12/2022, 16/12/2022, 22/12/2022",,,,1,9/1/2023 3:33pm,NaN,
"PB34822-03, PB35022-03, PB35622-03-2023-01-11T14:50:00.000Z",11/1/2023 8:50am,"PB34822-03,PB35022-03,PB35622-03",AJ3,"14/12/2022, 16/12/2022, 22/12/2022",,,,1,11/1/2023 8:50am,NaN,
"PB34822-03, PB35022-03, PB35622-03-2023-01-12T15:04:00.000Z",12/1/2023 9:04am,"PB34822-03,PB35022-03,PB35622-03",AJ3,"14/12/2022, 16/12/2022, 22/12/2022",,,,1,12/1/2023 9:04am,NaN,
"PB34822-03, PB35022-03, PB35622-03-2023-01-16T15:45:00.000Z",16/1/2023 9:45am,"PB34822-03,PB35022-03,PB35622-03",AJ3,"14/12/2022, 16/12/2022, 22/12/2022",,,,1,16/1/2023 9:46am,NaN,
"PB34822-03, PB35022-03, PB35622-03-2023-01-18T14:24:00.000Z",18/1/2023 8:24am,"PB34822-03,PB35022-03,PB35622-03",AJ3,"14/12/2022, 16/12/2022, 22/12/2022",,,,1,18/1/2023 8:25am,NaN,
PB34822-04-2022-12-14T22:38:00.000Z,14/12/2022 4:38pm,PB34822-04,AJ4,14/12/2022,76.0,,,,9/1/2023 4:34pm,0,
PB34822-04-2022-12-28T21:46:00.000Z,28/12/2022 3:46pm,PB34822-04,,14/12/2022,,,,,9/1/2023 4:34pm,14,
PB34822-04-2023-01-02T15:05:00.000Z,2/1/2023 9:05am,PB34822-04,AJ4,14/12/2022,,,,1,9/1/2023 4:34pm,19,
PB34822-04-2023-01-04T14:36:00.000Z,4/1/2023 8:36am,PB34822-04,AJ4,14/12/2022,,,,1,9/1/2023 4:34pm,21,
PB34822-04-2023-01-05T15:13:00.000Z,5/1/2023 9:13am,PB34822-04,AJ4,14/12/2022,,,,1,9/1/2023 4:34pm,22,
PB34822-04-2023-01-06T14:58:00.000Z,6/1/2023 8:58am,PB34822-04,AJ4,14/12/2022,,,,1,9/1/2023 4:34pm,23,
PB34822-04-2023-01-07T06:00:00.000Z,7/1/2023 12:00am,PB34822-04,AJ4,14/12/2022,,2,,1,9/1/2023 1:19pm,24,
"PB34822-04, PB35022-04, PB35622-04, PB35622-05-2023-01-09T06:00:00.000Z",9/1/2023 12:00am,"PB34822-04,PB35022-04,PB35622-04,PB35622-05",AJ4,"14/12/2022, 16/12/2022, 22/12/2022, 22/12/2022",,,,1,9/1/2023 3:37pm,NaN,
"PB34822-04, PB35022-04, PB35622-04, PB35622-05-2023-01-10T15:19:00.000Z",10/1/2023 9:19am,"PB34822-04,PB35022-04,PB35622-04,PB35622-05",AJ4,"14/12/2022, 16/12/2022, 22/12/2022, 22/12/2022",,,,1,10/1/2023 9:19am,NaN,
"PB34822-04, PB35022-04, PB35622-04, PB35622-05-2023-01-11T14:59:00.000Z",11/1/2023 8:59am,"PB34822-04,PB35022-04,PB35622-04,PB35622-05",AJ4,"14/12/2022, 16/12/2022, 22/12/2022, 22/12/2022",,,,1,11/1/2023 8:59am,NaN,
"PB34822-04, PB35022-04, PB35622-04, PB35622-05-2023-01-12T15:07:00.000Z",12/1/2023 9:07am,"PB34822-04,PB35022-04,PB35622-04,PB35622-05",AJ4,"14/12/2022, 16/12/2022, 22/12/2022, 22/12/2022",,,,1,12/1/2023 9:07am,NaN,
"PB34822-04, PB35022-04, PB35622-04, PB35622-05, PB36222-03-2023-01-13T14:47:00.000Z",13/1/2023 8:47am,"PB34822-04,PB35022-04,PB35622-04,PB35622-05,PB36222-03",AJ4,"14/12/2022, 16/12/2022, 22/12/2022, 22/12/2022, 28/12/2022",,,,1,13/1/2023 8:47am,NaN,
"PB34822-04, PB35022-04, PB35622-04, PB35622-05, PB36222-03-2023-01-17T14:21:00.000Z",17/1/2023 8:21am,"PB34822-04,PB35022-04,PB35622-04,PB35622-05,PB36222-03",AJ4,"14/12/2022, 16/12/2022, 22/12/2022, 22/12/2022, 28/12/2022",,,,1,17/1/2023 8:21am,NaN,
"PB34822-04, PB35022-04, PB35622-04, PB35622-05, PB36222-03-2023-01-18T14:29:00.000Z",18/1/2023 8:29am,"PB34822-04,PB35022-04,PB35622-04,PB35622-05,PB36222-03",AJ4,"14/12/2022, 16/12/2022, 22/12/2022, 22/12/2022, 28/12/2022",,,,1,18/1/2023 8:29am,NaN,
"PB34822-04, PB35022-04, PB35622-04, PB35622-05, PB36222-03-2023-01-20T14:32:00.000Z",20/1/2023 8:32am,"PB34822-04,PB35022-04,PB35622-04,PB35622-05,PB36222-03",AJ4,"14/12/2022, 16/12/2022, 22/12/2022, 22/12/2022, 28/12/2022",,,,1,20/1/2023 8:32am,NaN,
PB34822-05-2022-12-14T22:39:00.000Z,14/12/2022 4:39pm,PB34822-05,ALFA50,14/12/2022,76.0,,,,9/1/2023 4:34pm,0,
PB34822-05-2022-12-28T22:14:00.000Z,28/12/2022 4:14pm,PB34822-05,,14/12/2022,,,,,9/1/2023 4:34pm,14,
PB34822-05-2022-12-30T15:45:00.000Z,30/12/2022 9:45am,PB34822-05,ALFA50,14/12/2022,,,,1,9/1/2023 4:34pm,16,
PB34822-05-2023-01-06T14:56:00.000Z,6/1/2023 8:56am,PB34822-05,ALFA50,14/12/2022,,,,1,9/1/2023 4:34pm,23,
PB34822-05-2023-01-07T06:00:00.000Z,7/1/2023 12:00am,PB34822-05,ALFA50,14/12/2022,,,,1,9/1/2023 1:19pm,24,
PB34822-05-2023-01-11T14:47:00.000Z,11/1/2023 8:47am,PB34822-05,ALFA50,14/12/2022,,,,1,11/1/2023 8:47am,28,
"PB34822-05, PB36222-01-2023-01-17T14:16:00.000Z",17/1/2023 8:16am,"PB34822-05,PB36222-01",ALFA50,"14/12/2022, 28/12/2022",,,,1,17/1/2023 8:16am,NaN,
"PB34822-05, PB36222-01-2023-01-20T14:33:00.000Z",20/1/2023 8:33am,"PB34822-05,PB36222-01",ALFA50,"14/12/2022, 28/12/2022",,,,1,20/1/2023 8:34am,NaN,
PB35022-01-2022-12-20T22:05:00.000Z,20/12/2022 4:05pm,PB35022-01,AJ1,16/12/2022,76.0,,,,9/1/2023 4:34pm,4,
PB35022-01-2022-12-28T21:27:00.000Z,28/12/2022 3:27pm,PB35022-01,,16/12/2022,,,,,9/1/2023 4:34pm,12,
PB35022-01-2023-01-02T15:01:00.000Z,2/1/2023 9:01am,PB35022-01,AJ1,16/12/2022,,,,1,9/1/2023 4:34pm,17,
PB35022-01-2023-01-04T14:37:00.000Z,4/1/2023 8:37am,PB35022-01,AJ1,16/12/2022,,,,1,9/1/2023 4:34pm,19,
PB35022-01-2023-01-06T15:00:00.000Z,6/1/2023 9:00am,PB35022-01,AJ1,16/12/2022,,,,1,9/1/2023 4:34pm,21,
"PB35022-01, GMX35822-01.2, GMX35822-01.1, GMX36022-01-2023-01-23T14:44:00.000Z",23/1/2023 8:44am,"PB35022-01,GMX35822-01.2,GMX35822-01.1,GMX36022-01",,"16/12/2022, 24/12/2022, 24/12/2022, 26/12/2022",,2,,,23/1/2023 8:44am,NaN,
"PB35022-01, PB35622-01-2023-01-26T14:29:00.000Z",26/1/2023 8:29am,"PB35022-01,PB35622-01",AJ1,"16/12/2022, 22/12/2022",,,,1,26/1/2023 8:29am,NaN,
PB35022-02-2022-12-20T22:06:00.000Z,20/12/2022 4:06pm,PB35022-02,AJ2,16/12/2022,76.0,,,,9/1/2023 4:34pm,4,
PB35022-02-2022-12-28T21:27:00.000Z,28/12/2022 3:27pm,PB35022-02,,16/12/2022,,,,,9/1/2023 4:34pm,12,
PB35022-02-2023-01-02T15:04:00.000Z,2/1/2023 9:04am,PB35022-02,AJ2,16/12/2022,,,,1,9/1/2023 4:34pm,17,
PB35022-02-2023-01-04T14:40:00.000Z,4/1/2023 8:40am,PB35022-02,AJ2,16/12/2022,,,,1,9/1/2023 4:34pm,19,
PB35022-02-2023-01-05T15:12:00.000Z,5/1/2023 9:12am,PB35022-02,AJ2,16/12/2022,,,,1,9/1/2023 4:34pm,20,
PB35022-02-2023-01-06T15:01:00.000Z,6/1/2023 9:01am,PB35022-02,AJ2,16/12/2022,,,,1,9/1/2023 4:34pm,21,
PB35022-02-2023-01-13T14:51:00.000Z,13/1/2023 8:51am,PB35022-02,,16/12/2022,,2,,,13/1/2023 8:51am,28,
PB35022-03-2022-12-20T22:08:00.000Z,20/12/2022 4:08pm,PB35022-03,AJ3,16/12/2022,76.0,,,,9/1/2023 4:34pm,4,
PB35022-03-2022-12-28T21:25:00.000Z,28/12/2022 3:25pm,PB35022-03,,16/12/2022,,,,,9/1/2023 4:34pm,12,
PB35022-03-2023-01-02T15:00:00.000Z,2/1/2023 9:00am,PB35022-03,AJ3,16/12/2022,,,,1,9/1/2023 4:34pm,17,
PB35022-03-2023-01-04T14:35:00.000Z,4/1/2023 8:35am,PB35022-03,L69 5%,16/12/2022,,,,1,9/1/2023 4:34pm,19,
PB35022-03-2023-01-04T14:39:00.000Z,4/1/2023 8:39am,PB35022-03,AJ3,16/12/2022,,,,1,9/1/2023 4:34pm,19,
PB35022-03-2023-01-05T15:11:00.000Z,5/1/2023 9:11am,PB35022-03,AJ3,16/12/2022,,,,1,9/1/2023 4:34pm,20,
PB35022-03-2023-01-06T14:59:00.000Z,6/1/2023 8:59am,PB35022-03,AJ3,16/12/2022,,,,1,9/1/2023 4:34pm,21,
PB35022-03-2023-01-09T06:00:00.000Z,9/1/2023 12:00am,PB35022-03,DDG 2,16/12/2022,,,,1,9/1/2023 9:06am,24,
PB35022-03-2023-01-17T14:54:00.000Z,17/1/2023 8:54am,PB35022-03,,16/12/2022,,2,,,17/1/2023 8:54am,32,
"PB35022-03, PB35622-03-2023-01-20T14:28:00.000Z",20/1/2023 8:28am,"PB35022-03,PB35622-03",AJ3,"16/12/2022, 22/12/2022",,,,1,20/1/2023 8:29am,NaN,
"PB35022-03, PB35622-03-2023-01-23T14:35:00.000Z",23/1/2023 8:35am,"PB35022-03,PB35622-03",AJ3,"16/12/2022, 22/12/2022",,,,1,23/1/2023 8:36am,NaN,
"PB35022-03, PB35622-03-2023-01-24T14:25:00.000Z",24/1/2023 8:25am,"PB35022-03,PB35622-03",AJ3,"16/12/2022, 22/12/2022",,,,1,24/1/2023 8:25am,NaN,
"PB35022-03, PB35622-03-2023-01-25T14:14:00.000Z",25/1/2023 8:14am,"PB35022-03,PB35622-03",AJ3,"16/12/2022, 22/12/2022",,,,1,25/1/2023 8:14am,NaN,
"PB35022-03, PB35622-03-2023-01-26T14:28:00.000Z",26/1/2023 8:28am,"PB35022-03,PB35622-03",AJ3,"16/12/2022, 22/12/2022",,,,1,26/1/2023 8:28am,NaN,
PB35022-04-2022-12-20T22:09:00.000Z,20/12/2022 4:09pm,PB35022-04,AJ4,16/12/2022,76.0,,,,9/1/2023 4:34pm,4,
PB35022-04-2022-12-28T21:26:00.000Z,28/12/2022 3:26pm,PB35022-04,,16/12/2022,,,,,9/1/2023 4:34pm,12,
PB35022-04-2023-01-02T15:05:00.000Z,2/1/2023 9:05am,PB35022-04,AJ4,16/12/2022,,,,1,9/1/2023 4:34pm,17,
PB35022-04-2023-01-04T14:36:00.000Z,4/1/2023 8:36am,PB35022-04,AJ4,16/12/2022,,,,1,9/1/2023 4:34pm,19,
PB35022-04-2023-01-05T15:13:00.000Z,5/1/2023 9:13am,PB35022-04,AJ4,16/12/2022,,,,1,9/1/2023 4:34pm,20,
PB35022-04-2023-01-06T14:58:00.000Z,6/1/2023 8:58am,PB35022-04,AJ4,16/12/2022,,,,1,9/1/2023 4:34pm,21,
PB35022-04-2023-01-06T15:03:00.000Z,6/1/2023 9:03am,PB35022-04,DDG 2,16/12/2022,,,,1,9/1/2023 4:34pm,21,
PB35622-01-2022-12-28T20:29:00.000Z,28/12/2022 2:29pm,PB35622-01,AJ1,22/12/2022,76.0,,,,9/1/2023 4:34pm,6,
PB35622-01-2023-01-03T15:54:00.000Z,3/1/2023 9:54am,PB35622-01,,22/12/2022,,,,,9/1/2023 4:34pm,12,
PB35622-01-2023-01-03T16:05:00.000Z,3/1/2023 10:05am,PB35622-01,,22/12/2022,,,,,9/1/2023 4:34pm,12,
PB35622-01-2023-01-06T15:00:00.000Z,6/1/2023 9:00am,PB35622-01,AJ1,22/12/2022,,,,1,9/1/2023 4:34pm,15,
PB35622-01-2023-01-27T14:42:00.000Z,27/1/2023 8:42am,PB35622-01,AJ1,22/12/2022,,,,1,27/1/2023 8:42am,36,
PB35622-01-2023-02-01T22:22:00.000Z,1/2/2023 4:22pm,PB35622-01,AJ1,22/12/2022,,,,1,1/2/2023 4:23pm,41,
"PB35622-01, PB36222-03-2023-01-30T14:14:00.000Z",30/1/2023 8:14am,"PB35622-01,PB36222-03",AJ1,"22/12/2022, 28/12/2022",,,,1,30/1/2023 8:14am,NaN,
PB35622-02-2022-12-28T20:31:00.000Z,28/12/2022 2:31pm,PB35622-02,AJ2,22/12/2022,76.0,,,,9/1/2023 4:34pm,6,
PB35622-02-2023-01-03T16:10:00.000Z,3/1/2023 10:10am,PB35622-02,,22/12/2022,,,,,9/1/2023 4:34pm,12,
PB35622-02-2023-01-04T14:40:00.000Z,4/1/2023 8:40am,PB35622-02,AJ2,22/12/2022,,,,1,9/1/2023 4:34pm,13,
PB35622-02-2023-01-06T15:01:00.000Z,6/1/2023 9:01am,PB35622-02,AJ2,22/12/2022,,,,1,9/1/2023 4:34pm,15,
PB35622-02-2023-01-23T14:39:00.000Z,23/1/2023 8:39am,PB35622-02,AJ2,22/12/2022,,,,1,23/1/2023 8:39am,32,
PB35622-02-2023-01-24T14:28:00.000Z,24/1/2023 8:28am,PB35622-02,AJ2,22/12/2022,,,,1,24/1/2023 8:28am,33,
PB35622-02-2023-01-25T14:15:00.000Z,25/1/2023 8:15am,PB35622-02,AJ2,22/12/2022,,,,1,25/1/2023 8:15am,34,
"PB35622-02, PB34822-02, PB35022-02-2023-01-10T15:14:00.000Z",10/1/2023 9:14am,"PB35622-02,PB34822-02,PB35022-02",AJ2,"22/12/2022, 14/12/2022, 16/12/2022",,,,1,10/1/2023 9:14am,NaN,
"PB35622-02, PB35022-02, PB34822-02-2023-01-13T14:43:00.000Z",13/1/2023 8:43am,"PB35622-02,PB35022-02,PB34822-02",AJ2,"22/12/2022, 16/12/2022, 14/12/2022",,,,1,13/1/2023 8:44am,NaN,
"PB35622-02, PB35022-02, PB34822-02-2023-01-17T14:18:00.000Z",17/1/2023 8:18am,"PB35622-02,PB35022-02,PB34822-02",AJ2,"22/12/2022, 16/12/2022, 14/12/2022",,,,1,17/1/2023 8:18am,NaN,
PB35622-03-2022-12-28T20:32:00.000Z,28/12/2022 2:32pm,PB35622-03,AJ3,22/12/2022,76.0,,,,9/1/2023 4:34pm,6,
PB35622-03-2023-01-03T15:57:00.000Z,3/1/2023 9:57am,PB35622-03,,22/12/2022,,,,,9/1/2023 4:34pm,12,
PB35622-03-2023-01-04T14:39:00.000Z,4/1/2023 8:39am,PB35622-03,AJ3,22/12/2022,,,,1,9/1/2023 4:34pm,13,
PB35622-03-2023-01-05T15:11:00.000Z,5/1/2023 9:11am,PB35622-03,AJ3,22/12/2022,,,,1,9/1/2023 4:34pm,14,
PB35622-03-2023-01-06T14:59:00.000Z,6/1/2023 8:59am,PB35622-03,AJ3,22/12/2022,,,,1,9/1/2023 4:34pm,15,
PB35622-03-2023-01-21T19:27:00.000Z,21/1/2023 1:27pm,PB35622-03,,22/12/2022,,2,,,21/1/2023 1:27pm,30,
PB35622-03-2023-01-30T14:14:00.000Z,30/1/2023 8:14am,PB35622-03,AJ3,22/12/2022,,,,1,30/1/2023 8:14am,39,
PB35622-03-2023-01-31T18:31:00.000Z,31/1/2023 12:31pm,PB35622-03,AJ3,22/12/2022,,,,1,31/1/2023 12:32pm,40,
"PB35622-03, PB35022-03, PB34822-03-2023-01-10T15:15:00.000Z",10/1/2023 9:15am,"PB35622-03,PB35022-03,PB34822-03",AJ3,"22/12/2022, 16/12/2022, 14/12/2022",,,,1,10/1/2023 9:15am,NaN,
"PB35622-03, PB35022-03, PB34822-03-2023-01-13T14:44:00.000Z",13/1/2023 8:44am,"PB35622-03,PB35022-03,PB34822-03",AJ3,"22/12/2022, 16/12/2022, 14/12/2022",,,,1,13/1/2023 8:45am,NaN,
"PB35622-03, PB35022-03, PB34822-03-2023-01-17T14:19:00.000Z",17/1/2023 8:19am,"PB35622-03,PB35022-03,PB34822-03",AJ3,"22/12/2022, 16/12/2022, 14/12/2022",,,,1,17/1/2023 8:19am,NaN,
"PB35622-03, PB36222-03-2023-01-27T14:43:00.000Z",27/1/2023 8:43am,"PB35622-03,PB36222-03",AJ3,"22/12/2022, 28/12/2022",,,,1,27/1/2023 8:43am,NaN,
PB35622-04-2022-12-28T20:33:00.000Z,28/12/2022 2:33pm,PB35622-04,AJ4,22/12/2022,76.0,,,,9/1/2023 4:34pm,6,
PB35622-04-2023-01-03T16:43:00.000Z,3/1/2023 10:43am,PB35622-04,,22/12/2022,,,,,9/1/2023 4:34pm,12,
PB35622-04-2023-01-05T15:13:00.000Z,5/1/2023 9:13am,PB35622-04,AJ4,22/12/2022,,,,1,9/1/2023 4:34pm,14,
PB35622-04-2023-01-06T14:58:00.000Z,6/1/2023 8:58am,PB35622-04,AJ4,22/12/2022,,,,1,9/1/2023 4:34pm,15,
"PB35622-04, PB35622-02-2023-01-18T14:30:00.000Z",18/1/2023 8:30am,"PB35622-04,PB35622-02",,"22/12/2022, 22/12/2022",,2,,,18/1/2023 8:30am,NaN,
"PB35622-04, PB35622-05, PB36222-03-2023-01-23T14:37:00.000Z",23/1/2023 8:37am,"PB35622-04,PB35622-05,PB36222-03",AJ4,"22/12/2022, 22/12/2022, 28/12/2022",,,,1,23/1/2023 8:37am,NaN,
"PB35622-04, PB35622-05, PB36222-03-2023-01-24T14:27:00.000Z",24/1/2023 8:27am,"PB35622-04,PB35622-05,PB36222-03",AJ4,"22/12/2022, 22/12/2022, 28/12/2022",,,,1,24/1/2023 8:27am,NaN,
PB35622-05-2022-12-28T20:34:00.000Z,28/12/2022 2:34pm,PB35622-05,AJ4,22/12/2022,76.0,,,,9/1/2023 4:34pm,6,
PB35622-05-2023-01-05T15:13:00.000Z,5/1/2023 9:13am,PB35622-05,AJ4,22/12/2022,,,,1,9/1/2023 4:34pm,14,
PB35622-05-2023-01-06T14:58:00.000Z,6/1/2023 8:58am,PB35622-05,AJ4,22/12/2022,,,,1,9/1/2023 4:34pm,15,
"PB35622-05, PB35622-02, PB36222-03-2023-01-26T14:30:00.000Z",26/1/2023 8:30am,"PB35622-05,PB35622-02,PB36222-03",AJ2,"22/12/2022, 22/12/2022, 28/12/2022",,,,1,26/1/2023 8:30am,NaN,
PB36222-01-2022-12-28T23:05:00.000Z,28/12/2022 5:05pm,PB36222-01,ALFA50,28/12/2022,60.0,,,,9/1/2023 4:34pm,0,
PB36222-01-2023-01-23T14:41:00.000Z,23/1/2023 8:41am,PB36222-01,ALFA50,28/12/2022,,,,1,23/1/2023 8:41am,26,
PB36222-01-2023-01-24T14:29:00.000Z,24/1/2023 8:29am,PB36222-01,ALFA50,28/12/2022,,,,1,24/1/2023 8:29am,27,
PB36222-01-2023-01-25T14:16:00.000Z,25/1/2023 8:16am,PB36222-01,ALFA50,28/12/2022,,,,1,25/1/2023 8:16am,28,
PB36222-01-2023-01-26T14:30:00.000Z,26/1/2023 8:30am,PB36222-01,ALFA50,28/12/2022,,,,1,26/1/2023 8:30am,29,
PB36222-01-2023-01-27T14:43:00.000Z,27/1/2023 8:43am,PB36222-01,ALFA50,28/12/2022,,,,1,27/1/2023 8:43am,30,
PB36222-01-2023-01-30T14:15:00.000Z,30/1/2023 8:15am,PB36222-01,ALFA50,28/12/2022,,,,1,30/1/2023 8:15am,33,
PB36222-01-2023-01-31T18:31:00.000Z,31/1/2023 12:31pm,PB36222-01,ALFA50,28/12/2022,,,,1,31/1/2023 12:31pm,34,
PB36222-01-2023-02-01T22:23:00.000Z,1/2/2023 4:23pm,PB36222-01,ALFA50,28/12/2022,,,,1,1/2/2023 4:23pm,35,
PB36222-01-2023-02-02T14:28:00.000Z,2/2/2023 8:28am,PB36222-01,ALFA50,28/12/2022,,,,1,2/2/2023 8:36am,36,
PB36222-01-2023-02-03T14:29:00.000Z,3/2/2023 8:29am,PB36222-01,ALFA50,28/12/2022,,,,1,3/2/2023 8:29am,37,
"PB36222-01, PB34822-05-2023-01-12T15:11:00.000Z",12/1/2023 9:11am,"PB36222-01,PB34822-05",ALFA50,"28/12/2022, 14/12/2022",,,,1,12/1/2023 9:11am,NaN,
"PB36222-01, PB36222-03, GMX00223-01, GMX36422-02-2023-01-27T15:00:00.000Z",27/1/2023 9:00am,"PB36222-01,PB36222-03,GMX00223-01,GMX36422-02",,"28/12/2022, 28/12/2022, 2/1/2023, 30/12/2022",,2,,,27/1/2023 9:00am,NaN,
PB36222-02-2022-12-28T23:06:00.000Z,28/12/2022 5:06pm,PB36222-02,DDG 2,28/12/2022,60.0,,,,9/1/2023 4:34pm,0,
PB36222-02-2023-01-17T14:17:00.000Z,17/1/2023 8:17am,PB36222-02,DDG 2,28/12/2022,,,,1,17/1/2023 8:17am,20,
PB36222-02-2023-01-20T14:33:00.000Z,20/1/2023 8:33am,PB36222-02,DDG 2,28/12/2022,,,,1,20/1/2023 8:33am,23,
PB36222-02-2023-01-23T14:40:00.000Z,23/1/2023 8:40am,PB36222-02,DDG 2,28/12/2022,,,,1,23/1/2023 8:40am,26,
PB36222-02-2023-01-25T14:15:00.000Z,25/1/2023 8:15am,PB36222-02,DDG 2,28/12/2022,,,,1,25/1/2023 8:15am,28,
PB36222-02-2023-01-26T14:31:00.000Z,26/1/2023 8:31am,PB36222-02,DDG 2,28/12/2022,,,,1,26/1/2023 8:31am,29,
PB36222-02-2023-01-27T14:44:00.000Z,27/1/2023 8:44am,PB36222-02,DDG 2,28/12/2022,,,,1,27/1/2023 8:44am,30,
PB36222-02-2023-01-31T18:31:00.000Z,31/1/2023 12:31pm,PB36222-02,DDG 2,28/12/2022,,,,1,31/1/2023 12:31pm,34,
"PB36222-02, PB01323-01-2023-01-30T14:16:00.000Z",30/1/2023 8:16am,"PB36222-02,PB01323-01",DDG 2,"28/12/2022, 13/1/2023",,,,1,30/1/2023 8:16am,NaN,
"PB36222-02, PB33622-04, PB34222-03-2023-01-12T15:10:00.000Z",12/1/2023 9:10am,"PB36222-02,PB33622-04,PB34222-03",DDG 2,"28/12/2022, 2/12/2022, 8/12/2022",,,,1,12/1/2023 9:10am,NaN,
PB36222-03-2022-12-28T23:07:00.000Z,28/12/2022 5:07pm,PB36222-03,DDG 2,28/12/2022,60.0,,,,9/1/2023 4:34pm,0,
PB36222-03-2023-01-31T18:32:00.000Z,31/1/2023 12:32pm,PB36222-03,AJ4,28/12/2022,,,,1,31/1/2023 12:32pm,34,
"PB36222-03, PB35622-05, PB35622-04, PB35022-04, PB34822-04-2023-01-16T15:49:00.000Z",16/1/2023 9:49am,"PB36222-03,PB35622-05,PB35622-04,PB35022-04,PB34822-04",AJ4,"28/12/2022, 22/12/2022, 22/12/2022, 16/12/2022, 14/12/2022",,,,1,16/1/2023 9:50am,NaN,